"ireg1.ecov","ireg2.ecov","naive.ecov","rewt.ecov","ireg1.len","ireg2.len","naive.len","rewt.len"
0,1,1,1,0.67001789030275,0.372886958604016,2.73248420058263,1.34718901219508
0,1,1,0,0.691725855861261,0.380073234202524,2.91015709533575,1.08368438710551
0,1,1,1,0.632117772805458,0.393789580866244,2.75336568697649,1.41400361531516
0,1,1,1,0.637782115896867,0.397297998959873,3.23082080787884,1.20109041742431
0,1,1,1,0.608948848664855,0.414268184979238,2.99869917357562,1.14043669752484
0,1,1,1,0.601745049554515,0.39442832482553,2.68094549717184,1.12275733328337
0,1,1,1,0.641927435194405,0.361899043770399,3.01049065418307,1.214415828934
0,1,1,1,0.678815563379426,0.387070141136876,3.0176675246002,1.29722067331136
0,1,1,1,0.571655118411289,0.406110487839495,2.70482222591336,1.27949498794524
0,1,1,1,0.673174215742667,0.414724301807386,2.99512673836295,1.1546711123334
0,1,1,1,0.675345967324236,0.373359097984556,2.64970925317346,1.30877821526374
0,1,1,1,0.663402548972558,0.410356026106567,3.00767919675593,1.3872878369094
0,1,1,1,0.644501920040466,0.375291360401845,2.83235128885523,1.22654736685652
0,1,1,1,0.683751749045025,0.411884068942724,2.84742050438056,1.2454409577801
0,1,1,1,0.654655697347343,0.407064973682114,2.68748018244774,1.25728996002618
0,1,1,1,0.658568217372175,0.405996226160181,2.84064601552905,1.23042728327599
0,1,1,1,0.597531827910132,0.391726487475417,2.7361950026336,1.23813612884633
0,1,1,0,0.664631743840752,0.403648645688445,2.99937786926052,1.13831493442792
0,1,1,1,0.608659163891977,0.375353503890936,2.83021156138405,1.12336463815946
0,1,1,1,0.667007171261255,0.388246743801109,2.60484043423373,1.10025381625912
0,1,1,1,0.625352200175394,0.393063968159946,2.81667881380746,1.14892812116458
0,1,1,0,0.680901482842573,0.391024581998526,2.88856767170231,1.37311535627764
0,1,1,1,0.639193579567947,0.38448833030924,2.63810164289382,1.25922553522255
0,1,1,0,0.671631215494746,0.374098379800422,2.8207690043109,1.17367607608271
0,1,1,0,0.628541650901829,0.396733503167152,2.51284762206787,1.48913870276481
0,1,1,1,0.691278235718435,0.384723589928563,2.61311470917042,1.25274992036812
0,1,1,1,0.643510477934229,0.409104379956752,2.69654945379076,1.25246911640165
0,1,1,1,0.636493680975518,0.365797028553278,2.65744526371264,1.20076422278224
0,1,1,1,0.672539547550007,0.393671887379351,2.86736331242076,1.10983001174739
0,1,1,1,0.668730916026265,0.363233405649218,2.97395815974799,1.1697558309346
0,1,1,1,0.681360567961886,0.399465808596956,2.72618564330832,1.3046076163953
0,1,1,1,0.665654040148043,0.383170604400609,2.56223117003288,1.19561307496683
0,1,1,1,0.665107353689518,0.390542447647756,3.01290025146354,1.15827946071939
0,1,1,1,0.648504914873665,0.390965609842454,2.67117567326061,1.24090585658465
0,1,1,1,0.679938269298289,0.362893582259945,2.88570870104753,1.2804806847623
0,1,1,1,0.621788174232986,0.379042007281439,2.88090085215604,1.1365709894159
0,1,1,1,0.594350624875864,0.40158465241,2.76496334954695,1.31514846046567
0,1,1,1,0.617137940020598,0.394823154798002,2.69901705981896,1.16328165913988
0,1,1,0,0.661076581085041,0.389781966891033,2.6751045155596,1.11609441764738
0,1,1,1,0.611514209566534,0.436705833041067,3.11196121672812,1.41569232159789
0,1,1,1,0.64743579535708,0.428719985160107,3.01106330036095,1.15330622367217
0,1,1,1,0.67240004726079,0.407144881258937,2.78372946609821,1.22868050291584
0,0,1,1,0.651826761492145,0.382828583622404,2.91426733782328,1.17247753286401
0,1,1,1,0.640381817237324,0.410818268563964,2.8752100011434,1.29464586292265
0,1,1,1,0.586259314720043,0.372058420100287,2.79235475672832,1.3103064275301
0,1,1,1,0.653221933768807,0.386921962711401,2.86661443496792,1.16399641860578
0,1,1,0,0.672913170413875,0.407227766530293,2.77753271917412,1.25741242870641
0,1,1,1,0.637422963480138,0.388090898604613,2.86995220150646,1.22879323463901
0,1,1,1,0.683842144194188,0.412503611020157,2.95516055143003,1.14806360259074
0,1,1,1,0.618277337828105,0.382389760951733,2.89155949309741,1.2773962578247
0,1,1,1,0.604390558076927,0.380266057338451,2.54069884354964,1.36490163319173
0,1,1,1,0.657158015861581,0.392494747575796,2.96878368120448,1.13500107062514
0,1,1,1,0.653504456973021,0.407298434237183,3.08094202828743,1.26545581553735
0,0,0,1,0.704375048265783,0.384424680837596,2.88287495883842,1.18869875996051
0,1,1,1,0.638858740029455,0.43113098060017,2.69888415315632,1.286017114634
0,1,1,1,0.661107709179257,0.407408032098624,3.00064204835908,1.03975478068433
0,1,1,1,0.637142323198654,0.385058995213809,2.66479232118111,1.30560829294993
0,1,1,1,0.631752726900196,0.407209114038864,2.83802037013877,1.23888140228092
0,1,1,1,0.673193020410975,0.377114767521785,2.62180197008896,1.2968350881605
0,1,1,1,0.675143222317667,0.399432333503661,2.63515994745067,1.22202334320162
0,1,1,1,0.655952553028251,0.354828945022169,2.66378105909361,1.30304857080479
0,1,1,1,0.652961113757871,0.408304905985374,2.85905356873972,1.09276088645169
0,1,1,1,0.619839001986115,0.374674241744085,2.82289813626334,1.16651330615266
0,1,1,1,0.610263339352591,0.403840558651433,2.79775812132648,1.17782563258051
0,1,1,1,0.640661193788796,0.407830001478167,2.95837218236491,1.16877536930749
0,1,1,1,0.61332099705963,0.389174093596293,2.49911904053252,1.22436697703801
0,1,1,1,0.66564644214051,0.367865542254757,2.84749739852493,1.19100959519995
0,1,1,1,0.612748194894075,0.418764748809349,2.77704618250766,1.334117602324
0,1,1,1,0.624663759932722,0.377667013424913,2.75978085109691,1.28600349911007
0,1,1,1,0.588750427196944,0.36058186378446,2.7426658388104,1.43609371725056
0,1,1,1,0.609984754629601,0.386046979327896,2.6589804923031,1.16087388669653
0,1,1,1,0.655706950088415,0.403124183765276,2.84720231172639,1.18563038340042
0,1,1,1,0.640950934945375,0.373409468674367,3.13073564978869,1.17067332302634
0,1,1,1,0.672741821954296,0.413218229618681,3.14838543903773,1.39372446564523
0,1,1,1,0.655467333217047,0.393043502928955,2.91884713437127,1.20630580075911
0,1,1,1,0.634551705746385,0.373208283504057,2.62033918306739,1.0976015021875
0,1,1,1,0.657111299357807,0.403499499879157,2.79039156544159,1.2641488247045
0,1,1,1,0.694289276595792,0.421967137297934,3.0199991424697,1.19359643705208
0,1,1,1,0.589051768976475,0.382356256912813,2.69387602377557,1.27352371820069
0,1,1,1,0.64857900712874,0.383399294119862,2.82984380093263,1.27763293681544
0,1,1,1,0.617581823775986,0.360365860867673,2.58972536541766,1.24046607375079
0,1,1,1,0.610767672039135,0.420324205491864,2.85756580313777,1.45659561848109
0,1,1,1,0.592861342452234,0.3927888452004,2.75209239046418,1.26983739450751
0,1,1,1,0.677522173614252,0.370130572687878,2.7429155822934,1.34627085193656
0,0,0,1,0.629036659290451,0.37447014587694,3.1479514275854,1.29368845534602
0,1,1,1,0.585202075168957,0.38448277073091,2.56573471247663,1.10393499956277
0,1,1,1,0.660528710975346,0.388875671443851,2.83675959965056,1.14808869149145
0,1,1,1,0.624641750522749,0.364162792419016,2.89661528141043,1.29549573952707
0,1,1,0,0.64620362340037,0.368200057988378,2.79013345194848,1.35383064239039
0,1,1,1,0.66098652728177,0.379708795063727,3.06646872152324,1.24259058615455
0,1,1,1,0.584194416384484,0.378476353020324,2.6932891002226,1.28572446507091
0,1,1,1,0.621096948333248,0.396286995871455,3.14088298743953,1.31059925235148
0,1,1,1,0.637148446407113,0.404658940115614,2.69090345339143,1.27773083921498
0,1,1,1,0.618852508253224,0.414219253463033,3.25181680932738,1.33428285097723
0,1,1,1,0.622199318968323,0.406385549321095,2.99728311930112,1.30197793960168
0,1,1,1,0.754739058888623,0.406438032856366,3.31664463331699,1.17490138774092
0,1,1,1,0.665173952888606,0.366228593913672,2.75741903801595,1.32071513378166
0,0,0,0,0.692004942197613,0.411919166236332,2.72725365495822,1.19281720940167
0,1,1,0,0.675141326131953,0.397935062487526,2.82290085904607,1.07383780239604
0,1,1,1,0.63327750113528,0.415374255869914,2.85271992544346,1.20757309865797
0,1,1,1,0.696567082976785,0.393289378257861,2.93074817422839,1.3465133103596
0,1,1,1,0.656794944799778,0.406803020219142,3.2040014664064,1.19801539001516
0,1,1,1,0.653688816269066,0.412815683838395,3.15791704081628,1.21716464175383
0,1,1,1,0.691091615859006,0.389622091925496,3.12740866211529,1.15225183918322
0,1,1,1,0.679727816895628,0.428624784080154,2.91308093167833,1.31815679164751
0,1,1,1,0.625299603406878,0.387605524444207,2.67207550774071,1.20974898671425
0,1,1,1,0.657339250838484,0.417387208055997,2.86722089748044,1.23538819301406
0,1,1,1,0.694261195495983,0.404089751628787,2.83528366637178,1.2697240848799
0,1,1,1,0.674033088263554,0.363714163061513,2.78274206731885,1.2424714199416
0,1,1,1,0.659508861746039,0.432536965716678,2.87114422337993,1.3259126374464
0,1,1,1,0.616495541949004,0.407338923779784,2.38310688616988,1.15329488460088
0,1,1,1,0.606243442179682,0.428535421004318,2.93064515818707,1.35698043137184
0,1,1,0,0.649004141413097,0.402375390914878,2.81203314342841,1.14610960132724
0,1,1,0,0.643900521402346,0.434075598553403,2.79280010270006,1.40234120656638
0,1,1,1,0.628972724961536,0.38288232947862,2.67200741536738,1.26323537157297
0,1,1,1,0.64553126703802,0.367385057708669,3.12405347258558,1.18948189471528
0,1,1,1,0.690498966041903,0.397198964956829,3.01253188248229,1.19094492670471
0,1,1,1,0.630625655222014,0.391489380777033,2.86374760742423,1.24290095838174
0,1,1,1,0.671400561240542,0.374080421273305,3.00460982807413,1.14305435631487
0,1,1,1,0.686209619363592,0.402646584850933,2.88326735911769,1.10303813045441
0,1,1,1,0.659744460737686,0.400851629064429,2.79233828784011,1.2619437207904
0,1,1,1,0.671108166387936,0.428497976339473,2.9870640376798,1.23432329540924
0,1,1,1,0.621176409075584,0.398507823468003,3.01559864772235,1.1819344414907
0,1,1,1,0.663573406560897,0.419558087790183,3.02306846090952,1.35487859708259
0,1,1,1,0.673934594923117,0.35176180387049,2.98801787362285,1.24288222271764
0,1,1,0,0.650365615582944,0.377203387599842,3.03035156808876,1.17709311761151
0,1,1,1,0.615042328783494,0.38021361890657,2.78525734244715,1.19817440193137
0,1,1,1,0.609888318051441,0.400541898798038,2.70029506966115,1.2350319773252
0,1,1,1,0.665556319277663,0.380975203809941,3.04116306119127,1.16882335919938
0,1,1,1,0.603689338028147,0.416975435327819,2.94762372082659,1.27067135681563
0,1,1,1,0.670389279555158,0.432434410374953,2.7826160124784,1.12149493337458
0,1,1,1,0.643519325038434,0.411210233874797,2.64807133272113,1.35464777519404
0,1,1,1,0.617401551476551,0.394993060399068,2.65298948657326,1.2440894943414
0,1,1,1,0.662757628066677,0.390125479009014,2.78768116987127,1.43472711232212
0,1,1,1,0.639913340582798,0.393608607504292,2.87325147511415,1.22916554824523
0,1,1,1,0.6648793309938,0.419030318925462,2.82942623105452,1.14342421248103
0,1,1,1,0.641258274421519,0.399718565625367,2.85012907898766,1.2386237361372
0,1,1,1,0.67494570228001,0.38645897949436,3.07900059280708,1.30049933224639
0,1,1,1,0.66177164061394,0.40237390506905,2.80694266225981,1.25720014242615
0,1,1,1,0.660280763377615,0.375700389649343,2.83637538941821,1.22064053069582
0,1,1,1,0.625700370419761,0.352877144057884,2.77114947755561,1.11531102112024
0,1,1,1,0.635358969017388,0.385069611888254,3.073635022968,1.18828957277419
0,1,1,1,0.549855162442344,0.3760531948474,2.71813432094311,1.23355654032258
0,1,1,0,0.685343314278485,0.407856999745349,2.9685689564095,1.22904045691217
0,1,1,1,0.664156511636108,0.377808293026488,2.45813155907348,1.31943224838268
0,1,1,1,0.609132795217258,0.38812659945806,2.58325802520786,1.25517196036499
0,1,1,1,0.652164441411018,0.386418326363496,2.76160423376434,1.23105538403019
0,0,1,1,0.653755772024121,0.352185637873001,2.87983923940546,1.22756423051142
0,1,1,1,0.618046571845081,0.412297331565151,3.05452211325597,1.33706158045958
0,1,1,1,0.613946027721202,0.411042113997991,2.79118863136087,1.31653723817509
0,1,1,1,0.680481604324222,0.38140876205529,2.89118418735934,1.39760348254344
0,1,1,1,0.679946557036415,0.398477617354865,3.11133086536592,1.45908062660007
0,1,1,1,0.641345129041501,0.377642074876779,2.80422819415502,1.30765987166161
0,1,1,1,0.619402573073826,0.36277715565187,2.87820149640392,1.21521076601388
0,1,1,0,0.691059619435348,0.375177516104323,2.87998776002553,1.03601156408413
0,1,1,1,0.603028858509171,0.377388152016429,2.95975059607334,1.23049891624169
0,1,1,1,0.706286526041541,0.373985623746983,2.44908714595405,1.15468917483398
0,1,1,1,0.650997546670644,0.39457632442705,2.83127805624658,1.29016213752768
0,1,1,0,0.665326366870244,0.417297260685338,2.91402460748076,1.11379565313517
0,1,1,1,0.698629228000339,0.42909099996879,3.15189272834059,1.20796288203041
0,1,1,1,0.538223944384501,0.379039524384589,2.61587269039379,1.29672623537613
0,1,1,1,0.652628125419212,0.387444875127546,2.75282383918405,1.14385015921904
0,1,1,1,0.73800016442378,0.379819484655468,3.01231502606708,1.17050764897641
0,1,1,1,0.677770665623461,0.403114965354194,2.71160858108876,1.11456394997094
0,1,1,1,0.654447578081,0.408300148979489,2.8562363471451,1.19401178598193
0,1,1,1,0.651712303948278,0.387464878244242,2.86416834219553,1.22614028029479
0,1,1,1,0.685619449780255,0.391146807143212,2.78280852036049,1.23711646116653
0,1,1,1,0.644538082499339,0.391201358996452,3.02242977013854,1.33844431512672
0,1,1,1,0.695294893576382,0.410648027989258,3.10209721863785,1.28090612209167
0,1,1,1,0.631561001077515,0.379340638233379,3.18257082451493,1.27743026858251
0,1,1,1,0.61736122019776,0.405060079334,2.86583418410157,1.22794466139894
0,1,1,1,0.686803133522802,0.392952429504166,2.88319466926349,1.1729781909477
0,1,1,1,0.631695766854253,0.377377286603355,2.80154714190674,1.21840954515218
0,1,1,1,0.665470793168142,0.385407575088228,2.71097258825139,1.14994212687473
0,1,1,1,0.654876588417865,0.360261333686963,2.81518723911463,1.24658548200218
0,1,1,1,0.603459673207356,0.384664916767476,3.00441796909416,1.33027059841348
0,1,1,1,0.636594271895164,0.385222738755229,2.72100242009576,1.25712968517649
0,1,1,1,0.62066035498529,0.422055295008339,2.8090314828453,1.37510747365201
0,1,1,1,0.587946879579206,0.391160900998409,2.76128257209017,1.26605466313948
0,1,1,1,0.687534673354895,0.420842147435763,2.46105087030553,1.16492984644928
0,1,1,1,0.650481741651449,0.407307390811848,2.72413224630071,1.33551516176294
0,1,1,1,0.682528595243661,0.408169342277205,3.31113012801183,1.39031125687857
0,1,1,1,0.675750229522605,0.427640420866095,3.27004544220737,1.2605702276266
0,1,1,1,0.651968119760033,0.411159380279206,2.83942380013424,1.32334813045986
0,1,1,1,0.669671111923214,0.390908460830314,2.99133932074718,1.38100831731823
0,1,1,1,0.63209840697936,0.402104580109095,2.89335989471199,1.20460138172095
0,1,1,1,0.588478254981561,0.383676133923767,2.90716483385363,1.23997045393579
0,1,1,1,0.666331830764687,0.400406038273794,2.78133742964855,1.31015996797303
0,1,1,1,0.644148329763008,0.392109306772702,2.84044762916398,1.19953413208398
0,1,1,1,0.640506597841048,0.385043077780129,2.95548902686466,1.1752091770457
0,1,1,1,0.649071219562759,0.415396789715611,2.834915938957,1.42992100086839
0,1,1,1,0.705002534819454,0.380149645918082,2.79469755356695,1.230809120148
0,1,1,1,0.61435377755905,0.389358744172655,2.87433380755723,1.38683872562296
0,1,1,1,0.583651695160308,0.422680140637457,2.8806799747939,1.30147645726995
0,1,1,0,0.640188883061366,0.404799717212283,2.60783164046587,1.46368057943789
0,1,1,1,0.637199255402733,0.397920694619508,2.90457191179252,1.2317276001935
0,1,1,1,0.651974787182905,0.396872842295751,2.68943898988331,1.27861993913626
0,1,1,1,0.611333008049019,0.363665858119083,2.77157176398862,1.14090002008905
0,0,1,1,0.686564921729556,0.362216928693326,2.95405855363247,1.30952479763275
0,1,1,1,0.614989474424998,0.391578028223834,3.07228806505812,1.31728036955523
0,1,1,1,0.655131244291923,0.415755606560406,3.0778397270796,1.33190071524139
0,1,1,1,0.743376338629155,0.424387266177931,2.77985903258581,1.24319991175067
0,1,1,1,0.636580738850606,0.380177561105945,2.59702129708994,1.24448628745036
0,1,1,1,0.600230669364613,0.384362876782475,2.55497357056899,1.29674950584163
0,1,1,1,0.569024745941709,0.395738026731852,2.7612957237133,1.35169635155859
0,1,1,1,0.598509955186824,0.40832036510445,2.85208370197556,1.38667007997686
0,1,1,1,0.646451414431015,0.414476249404697,2.92244102295916,1.29844026215077
0,0,1,1,0.653295444086106,0.408085909845276,3.11259651125642,1.20534983770075
0,1,1,1,0.632321702071784,0.392129811002901,2.76792637241018,1.14063470079293
0,1,1,1,0.587433510915354,0.368750762429695,3.02161442328883,1.30336286944437
0,1,1,1,0.638459210518942,0.389784657838886,2.95574444093506,1.24191126537081
0,1,1,1,0.652485623308998,0.36377708020147,2.7836139403003,1.25752825044077
0,1,1,1,0.701500543197386,0.418137240898873,2.85512045157614,1.22060240310236
0,1,1,1,0.633254820547884,0.396705490624503,2.84343495490396,1.20934458933001
0,1,1,1,0.606648013913196,0.37241966884934,2.57787787158665,1.36248469924494
0,1,1,1,0.700382303245012,0.35717033706218,2.85998561247824,1.25078241914087
0,1,1,1,0.620589217520509,0.404579306725797,2.95420440913125,1.29283595732979
0,1,1,1,0.63660738440769,0.375507020637056,3.00649941943002,1.2266209866169
0,1,1,1,0.620014464701398,0.3765870539459,2.95237215309977,1.1509063300282
0,1,1,1,0.628374082900632,0.39655280178872,2.79073592602493,1.2303246922889
0,1,1,1,0.666189945049888,0.400812353680141,2.72177996781788,1.31005699823984
0,1,1,1,0.673786152742234,0.361904191802365,2.64762307009581,1.25837450581917
0,1,1,1,0.659234372908417,0.418604669038645,2.856613026151,1.34249635561107
0,1,1,1,0.662567332287042,0.394561959423643,2.84060388177261,1.17555032663617
0,1,1,0,0.656239051413332,0.388452485439427,3.25861207611751,1.11497908071959
0,1,1,1,0.703791338585026,0.410267837413495,2.95176439881233,1.23389468314668
0,1,1,1,0.597509255890743,0.400584543898059,2.90084396708157,1.23115552003266
0,1,1,1,0.642199244370584,0.393458656898716,2.76965881651652,1.10017420194617
0,1,1,1,0.651069710958121,0.408361634307783,2.85846521982104,1.24564185143034
0,1,1,1,0.662100653349825,0.384690002852713,2.53051455184992,1.2136307132047
0,1,1,1,0.653339529991666,0.361658033929403,2.96807873495125,1.12353658893791
0,1,1,1,0.652608293367355,0.374602776869315,3.0540883687864,1.1939766613248
0,1,1,1,0.631805340521162,0.351340725819512,2.67288466185492,1.2921111264294
0,1,1,1,0.64974366704763,0.355534194490298,2.76666411575281,1.28905614075428
0,1,1,1,0.633649026434248,0.376338088737692,2.78292694076191,1.18042293608921
0,1,1,1,0.59308408956415,0.403903025440155,2.55863346277449,1.21988408636054
0,1,1,1,0.654519455658851,0.39429273840592,2.69034030393846,1.21760125035835
0,1,1,1,0.675967131314896,0.403531193327161,2.85761771328506,1.19526521111568
0,1,1,1,0.617296510296931,0.373652304816176,2.76909850968642,1.25255828371727
0,1,1,1,0.684782392939355,0.366869772475005,2.79814465417317,1.22639072167499
0,1,1,1,0.597686215234981,0.389723512329411,2.67484153350133,1.36972845591494
0,1,1,1,0.654930997365392,0.410234798401562,2.80684216456607,1.26373668887672
0,1,1,1,0.633306879341301,0.402317906408934,2.50390228614696,1.26863967311808
0,1,1,1,0.638948700386668,0.405364471047477,2.87836552151733,1.2094240030283
0,1,1,1,0.652340542957291,0.393885802060831,2.69714730977893,1.23294120864266
0,1,1,1,0.6125484399671,0.362539644246946,2.85421345397642,1.48975819089486
0,1,1,1,0.639191732477989,0.405582761268741,2.98483460482057,1.29450423617172
0,1,1,1,0.604876042081716,0.401172229077079,3.06159924190633,1.32273784365971
0,1,1,1,0.645178857650454,0.390575289995224,3.24086366253924,1.3558791256859
0,1,1,1,0.659817522606111,0.381673121219132,3.07181211010725,1.19586040209623
0,1,1,1,0.695014701021326,0.371998010059881,2.94680957952126,1.18029048510508
0,1,1,1,0.629147597916082,0.379827915069856,2.82743830343156,1.30169136248587
0,1,1,1,0.630414471033022,0.389175804409826,2.71049938811943,1.40378407428531
0,1,1,1,0.67619891072742,0.412910864699181,2.91760925149133,1.16267277057314
0,1,1,1,0.6629919176436,0.382340344084446,2.86573508564334,1.23240253771425
0,1,1,0,0.591370545426113,0.421402719662264,2.81994448331666,1.13542956692387
0,0,0,1,0.620819062307694,0.382217884362491,2.5467798207468,1.33544945385155
0,1,1,1,0.611454200966707,0.42588246134923,2.76019066293066,1.24535017421195
0,1,1,1,0.638923324876321,0.393793500863757,2.99071160868743,1.34503000830458
0,1,1,1,0.688340550655802,0.410605789884375,2.97837342792215,1.2124474972709
0,1,1,1,0.676227561781029,0.395062689590476,2.74608313970337,1.22574242530739
0,1,1,1,0.640189506258314,0.385917978912474,2.89013521889312,1.24853697905842
0,1,1,1,0.679933815900558,0.397078641233863,2.85522175942544,1.39101041298824
0,1,1,1,0.674762773083852,0.366210709081154,2.78973778694928,1.14788499493141
0,1,1,1,0.673043337042175,0.394156210161728,2.74771031347306,1.17913023329187
0,1,1,1,0.618642079162806,0.389084435245083,2.78611348305766,1.23623988503151
0,1,1,1,0.621852377646225,0.39196135260458,2.84008723792833,1.20129230237255
0,1,1,1,0.701357865719741,0.372801297167802,2.7858921316493,1.21476828306929
0,1,1,1,0.583247166153095,0.385244847778549,2.37902452631074,1.05819278438915
0,1,1,1,0.685753261013821,0.381712619281949,2.85395653122804,1.40548322184772
0,1,1,1,0.615984862195675,0.410954858674354,2.55744672981264,1.30365082483783
0,1,1,1,0.675782267281325,0.376420512503801,2.84340926242028,1.1834060629995
0,1,1,1,0.630377403397985,0.388220907543584,2.76340154259606,1.36043356628782
0,0,0,1,0.66798587745172,0.423256634756193,2.71338479514543,1.26913722129206
0,0,0,1,0.658169354824049,0.374291504574768,2.89159747275409,1.22351563989936
0,1,1,1,0.69531730792956,0.435654054308613,2.79378925599151,1.2189976055963
0,1,1,1,0.614438360725199,0.359670261426158,2.71789210687066,1.22839321484583
0,1,1,1,0.631256039117349,0.422518745734068,2.90621673505155,1.2375552024789
0,1,1,1,0.672528666794467,0.405165449936576,2.87615059956098,1.11064641950621
0,1,1,0,0.600526200874947,0.369231186024538,2.89285970737905,1.12919281645625
0,1,1,1,0.702631472531385,0.404101045939791,2.94997874786845,1.34366336083842
0,1,1,1,0.623314630844139,0.387428531635808,2.82389531928848,1.19633429509098
0,1,1,1,0.647635090063414,0.384702237647737,2.63840295171142,1.20692185687936
0,1,1,1,0.659125894436416,0.398995407722462,2.91270739382511,1.2213018586147
0,1,1,1,0.657745588864357,0.373766767638533,2.88487203281987,1.2699189374002
0,1,1,1,0.629701993428885,0.384434568146276,2.66871692142078,1.12380429404061
0,0,1,0,0.66023087766764,0.389775792971104,3.00560347984542,1.38004243402737
0,1,1,1,0.591147495552709,0.397404930282008,2.5057818880673,1.33514629187857
0,1,1,1,0.588498218482407,0.411721651180009,2.85938966619232,1.15184349306863
0,1,1,1,0.686900021118067,0.410792163824006,2.91858023326753,1.24732661368522
0,1,1,1,0.591754058061764,0.408626034694986,3.01501283793185,1.19297190352282
0,1,1,0,0.661125205765006,0.388156646000649,2.98834090044243,1.08395526023286
0,1,1,1,0.617857742996522,0.364922306555172,2.60646757182032,1.16291886940509
0,1,1,1,0.64564584328396,0.417683820676961,2.73555157873633,1.32276002948222
0,1,1,1,0.655704154731566,0.363192476076748,3.08133770784327,1.24978679824847
0,1,1,1,0.624891179191482,0.389561924459255,2.86151630489109,1.2978461182407
0,1,1,1,0.624379381289863,0.380372316429681,3.03623158333333,1.2815479121748
0,1,1,1,0.655516121750377,0.385955589528461,2.61071493496728,1.1486106210959
0,1,1,1,0.598108177863045,0.367712913588213,2.77247929140172,1.24022496980147
0,1,1,0,0.69270945720264,0.416793564770116,3.14500017379667,1.16597072942891
0,1,1,1,0.593971271180468,0.380893123341551,2.65664281516574,1.30917677085172
0,1,1,1,0.615611000410496,0.380084096304246,2.77194172518598,1.49285120222528
0,1,1,1,0.63100021664779,0.403453346345411,2.76222234220369,1.25271001137805
0,1,1,1,0.665957346959394,0.379513539409441,2.98760175953221,1.18440827956888
0,1,1,1,0.671350668139627,0.382593054643216,2.82956871586527,1.22613988206565
0,1,1,1,0.66684939569012,0.401422702977801,2.60339961047199,1.13673164569361
0,1,1,1,0.585365447210805,0.367467354197001,3.07014789611709,1.31842266003938
0,1,1,1,0.677390934039789,0.382786899290412,2.84785883314106,1.41139583646925
0,1,1,1,0.5820173502295,0.363318604285798,2.78811234317252,1.10367232074854
0,1,1,1,0.694039734780966,0.402931154703361,3.09552873362358,1.30550412493333
0,1,1,1,0.627079083119675,0.410705169841308,3.11234914913965,1.15652094566016
0,1,1,1,0.648627353539214,0.356650083363278,2.7628501497252,1.20068578817172
0,1,1,1,0.6424513523509,0.369000217365627,2.86129865642004,1.32421209806014
0,1,1,1,0.663273624822392,0.381927578848664,2.92281353959429,1.29378090588594
0,1,1,1,0.621276063587961,0.358825280213324,2.86678747666095,1.2860762482976
0,1,1,1,0.617736796464751,0.377051433996645,2.87979422211818,1.18303503002306
0,1,1,1,0.605418360193327,0.422525926673633,2.55610407515618,1.36499375897339
0,1,1,1,0.681618061790526,0.38701589137812,2.62740844900861,1.17217817383716
0,1,1,1,0.746538232340631,0.402425397392166,2.92588504970636,1.26282244487566
0,1,1,1,0.61762325341151,0.40072052950021,2.85094351594535,1.29700737617316
0,1,1,1,0.638927657724996,0.416037669131947,2.97840843061722,1.27546150115904
0,1,1,1,0.594331709755668,0.398878443939195,2.74106168218722,1.28802527823662
0,1,1,1,0.652931905585157,0.410878997735399,2.83931247446781,1.30157203495456
0,1,1,1,0.632878053055078,0.419819259847959,3.12002922527543,1.33030814678841
0,1,1,1,0.620283139316155,0.414232239534043,2.73943238445902,1.18182957225946
0,1,1,1,0.682420218036711,0.382330949919901,2.84760409937157,1.30898628734801
0,1,1,1,0.617969350571916,0.384233260320519,2.98353939249803,1.3081362476222
0,1,1,1,0.634403506566201,0.401041596494527,2.8067409349821,1.13844904846435
0,1,1,1,0.655329724348677,0.395332026138251,3.03031258024695,1.31425711555807
0,1,1,1,0.623631302940929,0.382695532145972,2.87475372562909,1.39251643718011
0,1,1,1,0.644363570500478,0.404344914303598,3.07405119005983,1.60248823966583
0,1,1,1,0.608467224495076,0.382930338394938,2.84994540597073,1.17301704952369
0,1,1,1,0.645041987517762,0.413826521769565,2.83559241417149,1.17870462913553
0,1,1,1,0.630766369556575,0.408618963426452,3.06372311513265,1.34905938685013
0,1,1,1,0.691131718832868,0.389183479216196,2.90162419616789,1.20460210621032
0,1,1,1,0.639400079435089,0.400528586203397,2.73240552935578,1.18258624819112
0,1,1,1,0.671814572603637,0.394997280083021,2.74056076087884,1.29486490198403
0,1,1,1,0.714860996268116,0.374406099523633,3.04552227027945,1.25013459746591
0,1,1,1,0.617320693508247,0.404036451170095,2.88655519630981,1.18362644377528
0,1,1,1,0.626937213880566,0.397946525012584,2.72928593766545,1.19693637490988
0,1,1,1,0.645606310142117,0.372436319907767,2.85407439308728,1.27473897076802
0,1,1,1,0.613753139344968,0.378695513908685,2.86103182312587,1.30294253397472
0,1,1,1,0.595465335941039,0.36526965310569,2.69881131551139,1.39276288135482
0,1,1,1,0.679510542450258,0.410516292425736,2.88117183892953,1.21106516802658
0,1,1,1,0.685483503514522,0.376374703214583,2.86385260694837,1.02197657674203
0,1,1,1,0.574428123162856,0.38057040931321,2.53528728011277,1.29233117678981
0,1,1,1,0.676740967136905,0.398007208695089,2.57381968541362,1.35287207783758
0,1,1,1,0.713284876832359,0.41533622783435,3.04577210391422,1.24105566026309
0,1,1,1,0.605127354316055,0.397860364181278,2.744912907035,1.13624561566896
0,1,1,1,0.66027158540183,0.388268255078627,3.06626051059679,1.15906751774509
0,1,1,1,0.645695191349343,0.375711881155696,2.90549159075171,1.20497423079334
0,1,1,1,0.636118951743301,0.408741774467223,3.07123635302997,1.08395809356457
0,1,1,1,0.667669301719706,0.387268662173702,2.90897823156869,1.22292275055466
0,1,1,1,0.654506675054718,0.386380738603595,3.08506718287738,1.19623320780206
0,1,1,1,0.607861142054818,0.408527601827334,2.80620171307819,1.44180736782985
0,1,1,1,0.643406099848332,0.422466544810642,2.73005718506725,1.28396324661165
0,1,1,1,0.643406548167529,0.391754589258733,2.86933801391003,1.19660833917121
0,1,1,1,0.650036303663424,0.398567701365826,2.983283005698,1.39332462129272
0,1,1,1,0.650673760208707,0.364323828692821,2.94960648961906,1.26907528070225
0,1,1,1,0.679958632177399,0.391000365348941,2.5440030291708,1.0842771160636
0,1,1,1,0.660736108063038,0.391747289159222,3.03172110970034,1.23021090195035
0,1,1,1,0.661184263216994,0.387368874411616,2.65419087361261,1.23730370859284
0,1,1,1,0.64775764105545,0.426855393014951,3.01676332301423,1.25334794070416
0,1,1,1,0.652646507332657,0.391285042216073,2.96312738457432,1.10435351062227
0,0,1,1,0.666410675843524,0.413003235303847,2.87223648291626,1.23630113853395
0,1,1,1,0.640512716630899,0.403409761297525,2.95400725562519,1.39418261833843
0,1,1,1,0.635478910791792,0.376350116235724,2.55528163195621,1.21563841947408
0,1,1,1,0.689413497821056,0.381603822698711,2.82532185843238,1.43975524687639
0,1,1,1,0.679702972752668,0.381123471283525,2.83921157238558,1.45705560561598
0,1,1,1,0.620165369396682,0.382122829641635,2.60905554288114,1.26531534478653
0,1,1,1,0.583963682614907,0.404213719362582,2.92978285180473,1.30273967790803
0,1,1,1,0.618549425367629,0.402288132989261,2.66341989827677,1.22071635378243
0,1,1,1,0.689547131869572,0.393422517460154,2.92150970438681,1.23473346603897
0,1,1,1,0.704630464506369,0.389939174723851,2.79695985807014,1.2063970043685
0,1,1,1,0.661525929049347,0.371854049295029,2.57934825181142,1.1329428192146
0,1,1,1,0.617955834531878,0.390473164065465,2.91070432007585,1.3484140525703
0,1,1,1,0.609356182549918,0.402101237925026,2.92012336705775,1.2990670351261
0,1,1,1,0.680818281940657,0.381923622139174,2.8570754324786,1.18642922772252
0,1,1,1,0.660180979651776,0.421574996759553,2.90670133130524,1.31561004723979
0,1,1,1,0.641468451052554,0.401199021589669,2.91286119963765,1.22322126966447
0,1,1,1,0.62499437974581,0.375955312963384,2.96283823838075,1.20629621831816
0,1,1,1,0.650238895869093,0.385698483397094,3.00722767825691,1.2123703760055
0,0,1,0,0.615562532895039,0.38962626530666,2.97460011199934,1.43339014669123
0,1,1,1,0.595169014183749,0.369055766481048,2.78605965668315,1.14962032154929
0,1,1,1,0.675642494316071,0.424237040050511,2.89524440049904,1.21449141633034
0,0,0,1,0.606286854650341,0.40678910406586,2.60811610547306,1.21237221271534
0,1,1,1,0.638395016023355,0.388028324143822,3.01371387940513,1.27326894073775
0,1,1,1,0.607245299908901,0.362954152941484,2.79660775557688,1.40110289056427
0,1,1,1,0.640247944718662,0.400267633107852,3.02882267419478,1.24667938986403
0,1,1,1,0.688986032027371,0.379012675643003,2.80532059699874,1.29502733771814
0,1,1,1,0.66244464013323,0.392515218918541,2.63946783430592,1.13185127502219
0,1,1,1,0.627360949441325,0.404570301644634,2.89542260253888,1.1785356213613
0,1,1,1,0.635447609165282,0.400603992655128,3.01650528984493,1.19014287967065
0,1,1,1,0.654975875789374,0.381744281493999,2.61533939207058,1.20387343887542
0,1,1,1,0.658129514723298,0.386091718944296,2.7530293555314,1.16487943694535
0,1,1,1,0.583298722617381,0.402900366929103,2.5666458878395,1.31526243948713
0,1,1,1,0.704364341180451,0.414715875530829,3.07991898172348,1.23543310717373
0,1,1,1,0.685751502451799,0.416649062832875,2.97523794499689,1.26034322300072
0,1,1,1,0.631140059042476,0.397757021206477,2.75544954529396,1.1289272033846
0,1,1,1,0.631947892215789,0.365884224950988,2.80252601127018,1.36869323560882
0,1,1,1,0.637847902312987,0.410654866665623,2.83406602076352,1.13808748313618
0,1,1,1,0.633798081957397,0.384668505405266,2.82339193104645,1.21025317025985
0,1,1,1,0.649801819988374,0.394856886599403,2.93056621438912,1.40256064816806
0,1,1,1,0.630205891704695,0.389590269333526,2.79335459909918,1.16463815347621
0,1,1,1,0.630395317385759,0.415828892466217,2.78869064124012,1.31762328547846
0,1,1,1,0.69070113848657,0.404575373374934,2.73902367922811,1.33472827491586
0,1,1,1,0.637709983241376,0.394963854097008,2.76393364439322,1.22040532993131
0,1,1,1,0.666806898100085,0.38187600090729,2.47216184220614,1.09389834161484
0,1,1,1,0.62794096701064,0.38736659741865,2.72996376027325,1.24650028047629
0,1,1,1,0.691877157979959,0.395445524565884,3.0794888676571,1.20931738520729
0,1,1,1,0.649341663629908,0.370246615114826,2.96317986167721,1.4222823809146
0,1,1,1,0.641446886084248,0.408909184023017,2.94766628288021,1.14593461202421
0,1,1,1,0.613410785083247,0.39802337955535,3.08231514904069,1.37374642696899
0,1,1,1,0.737162854473703,0.386908447311193,3.09579991566801,1.18163004176824
0,1,1,1,0.584860866378645,0.400265880339059,2.61770953504951,1.27774994656966
0,1,1,1,0.639159929796977,0.375423531722482,2.87080641403287,1.17643931999761
0,1,1,1,0.670034676287097,0.384239443973569,2.59227759853351,1.11018423731929
0,1,1,1,0.693141330393883,0.382106770422906,2.99061239958123,1.27257677462703
0,1,1,1,0.650408691663714,0.421050740552448,3.08239971424615,1.27209536153798
0,1,1,1,0.652541112490456,0.373143877449144,3.18605143576458,1.1433513963916
0,1,1,1,0.61468913156869,0.38649164745925,2.71930204525411,1.13848148768673
0,1,1,1,0.672351346964749,0.392930864285103,3.03861619398043,1.29190994039968
0,1,1,1,0.683657609060186,0.401475953115974,2.90745204905057,1.27622586545589
0,1,1,1,0.610905472788457,0.378343557735346,2.99034499040874,1.36343160750991
0,1,1,1,0.606235828305687,0.399782945078382,2.86142033087161,1.33757232625903
0,1,1,1,0.610355957666928,0.411505122534857,2.8659646673394,1.33183798666766
0,1,1,1,0.621422506381466,0.40858414620686,2.89315004170441,1.49618995672575
0,1,1,1,0.644018067045517,0.40651342217783,2.92291001903512,1.18420528660592
0,1,1,1,0.63712339254869,0.388789965196727,2.60253027982916,1.23339490949695
0,1,1,1,0.662014499273855,0.412905046083024,2.86835428121529,1.10957622903745
0,0,1,1,0.662926930244629,0.36904509500395,2.97841068409084,1.25587381415247
0,1,1,1,0.629895778472201,0.387607238436387,2.98860498972011,1.35822059901871
0,1,1,1,0.680947662015883,0.380323068068352,2.76545114532904,1.25802132100922
0,1,1,1,0.620317326759882,0.371754914506637,2.90135902411856,1.20443824915091
0,1,1,1,0.63024499122819,0.390025709932969,2.59303155979137,1.27392771381701
0,1,1,1,0.615208107206132,0.399362747277626,2.79361237127552,1.26320951013328
0,1,1,1,0.645244314794661,0.401814915713602,2.91332796556432,1.27650169632818
0,1,1,1,0.634325891459147,0.386970006769718,2.59152736511325,1.21867788642964
0,1,1,1,0.630453696917021,0.39255630811405,2.80573020060359,1.19802922089572
0,1,1,1,0.63013031870066,0.392930566599546,2.71589747910505,1.33393031515109
0,1,1,1,0.613276613666922,0.389394305213783,3.02203302296733,1.43706329778752
0,1,1,1,0.666709204478441,0.399257206140346,2.71753195346279,1.17620604201349
0,1,1,1,0.626851875735341,0.386054303684904,2.91414392383564,1.23123252222388
0,0,0,1,0.735838744798985,0.372845966574292,2.65561063533941,1.16185066672461
0,1,1,1,0.620673952868686,0.370386471641367,2.91615140664044,1.13135108131225
0,1,1,1,0.667390609044189,0.389975683251462,3.07116995432103,1.34078434455986
0,1,1,0,0.669420869556114,0.372480220727478,2.70518987443907,1.07624082186684
0,1,1,1,0.586587585808052,0.406757974347831,2.67420314726248,1.24054671161862
0,1,1,1,0.647833203256936,0.367356322784958,2.74451235509619,1.1663024971476
0,1,1,1,0.606820575248331,0.413451980284061,2.68951158477698,1.2456871007585
0,1,1,1,0.636449326732917,0.359977493525362,2.77764440687355,1.30518796454489
0,1,1,1,0.689983255327945,0.402613947788936,3.06002964872194,1.18196487717987
0,0,0,1,0.632222405855415,0.398540728629879,2.77239255757447,1.18856382719492
0,1,1,1,0.664893463975034,0.368358844942392,2.74572511541257,1.25284037680284
0,1,1,1,0.631230821460629,0.385068701597594,2.975435364359,1.34324089983292
0,1,1,1,0.62644102580547,0.366715326768811,3.06409253981824,1.11520195247528
0,1,1,1,0.644081804463254,0.34454966431958,3.00935888860457,1.22543168717528
0,1,1,1,0.598608845958809,0.395990449494118,2.95975545704736,1.24401324922104
0,1,1,1,0.654758659034025,0.362570674896967,2.64574240271766,1.14789169506547
0,1,1,1,0.622700282577625,0.370267302667521,2.53645325673473,1.11494777077922
0,1,1,1,0.686956520570968,0.38076803562455,3.01695310764222,1.33326547850945
0,0,0,1,0.684528551976764,0.361299020752825,3.05860161363775,1.23140745184912
0,1,1,1,0.659429537179057,0.389170440768806,2.78019098724565,1.1058397820192
0,1,1,1,0.616304229520641,0.354356957556424,2.75012206299818,1.20594532225476
0,1,1,1,0.677517431765782,0.382115594171352,2.87307752408774,1.28518612222293
0,1,1,1,0.603435906220412,0.393171630383894,2.6750883543112,1.15856223760573
0,1,1,1,0.675818841177151,0.384591715637233,2.70638345019152,1.24784206105291
0,1,1,1,0.702623239729425,0.385316659086706,2.83449685844007,1.13400489496107
0,1,1,1,0.645291605932748,0.400802423603263,2.82055669136714,1.28379072337294
0,1,1,1,0.631217755912491,0.395202673362573,2.56942426202454,1.33824125495307
0,1,1,1,0.596672654628281,0.402056921981914,2.89107067165029,1.30389788271678
0,1,1,1,0.692583143258186,0.413039695506911,2.74928673072046,1.27851020457667
0,1,1,1,0.606467758474401,0.392591679964174,2.68883941873275,1.32436219501318
0,1,1,1,0.704252685433964,0.408947850194022,2.75906706138955,1.07440832560568
0,1,1,1,0.630145765042584,0.400028526136795,2.69169283644936,1.356727852374
0,1,1,1,0.705535975265153,0.393938964509474,2.9349709779718,1.21939111434585
0,1,1,1,0.60241722853647,0.399991472408069,3.01776968791611,1.17310575756699
0,1,1,1,0.689372251463412,0.402493417192519,3.07389119041158,1.20812990327372
0,0,0,0,0.66521458512306,0.377367864490703,2.62949622431043,1.14312471580937
0,1,1,1,0.618527422669018,0.380625099021959,2.76298316370902,1.19088887999536
0,1,1,1,0.6456614847328,0.367832209829183,3.14083751348406,1.30423057084243
0,1,1,1,0.673158444994339,0.408994095635149,3.14407411491932,1.26837157282891
0,1,1,1,0.695970177989164,0.383784751316347,2.87514780616031,1.12575621502014
0,1,1,1,0.675436186997377,0.381537983931734,2.90057474066704,1.44388304053928
0,1,1,1,0.645202449910773,0.392063580326121,2.99606812356071,1.24975734490383
0,1,1,1,0.670097405452131,0.403500635439014,2.83757578865044,1.32477998052403
0,1,1,1,0.60546687623092,0.369550909820506,2.60837147266734,1.18448269272105
0,1,1,1,0.617276732633618,0.388302199185432,3.04146452541276,1.49105812763706
0,1,1,1,0.622415855272107,0.400183844438506,2.91912144130406,1.39672421950291
0,1,1,1,0.64905433519526,0.388010734774824,2.97931400327177,1.20530048789197
0,1,1,1,0.591513842126909,0.378905986903669,2.83252523018551,1.39431130729402
0,1,1,1,0.653917976429089,0.407638528899888,2.79667852243049,1.25002714325751
0,1,1,0,0.676886470557235,0.376250068565458,2.79841389874788,0.992310899546323
0,1,1,1,0.679678316861389,0.384401004631251,2.87834416825975,1.32020153187563
0,1,1,1,0.668827160856087,0.399025130270299,2.9458936125571,1.29590451194909
0,1,1,1,0.721311417393379,0.381657475872462,2.98547661596663,1.20027428420872
0,1,1,1,0.644946914334571,0.399887367628366,2.84647684299814,1.31610412055868
0,1,1,1,0.655347614834599,0.356187251418424,2.66312186999329,1.30421270993425
0,1,1,1,0.658642644291109,0.361209415316414,3.02405393821887,1.3045207767465
0,1,1,1,0.615762703535323,0.384776271225119,2.63751782310474,1.16889043962367
0,0,0,1,0.680516296378057,0.403414408164412,2.70640635856711,1.26377055572165
0,1,1,1,0.607589396778736,0.385753498055201,2.68502394848107,1.23583569835377
0,1,1,1,0.717440416323506,0.375685606578066,2.76157103141944,1.32806558498504
0,1,1,1,0.655970238583976,0.401614904487993,2.61004185193087,1.17587216078406
0,1,1,1,0.629257052003344,0.382277169872189,2.71966499701932,1.32038145843955
0,1,1,1,0.638235486033838,0.40163825870844,2.5548777847838,1.17282153123084
0,1,1,1,0.655949793442409,0.394353739113005,2.90002226470787,1.27210278359134
0,1,1,1,0.642906942439714,0.39140533246432,2.92358800970418,1.18279522105474
0,1,1,1,0.58624318736477,0.369980247835324,2.72943370072384,1.25720305273421
0,1,1,1,0.629781408121477,0.394905442345831,2.92350447520488,1.29058267195905
0,1,1,1,0.673312171341125,0.415543843193652,3.07345214163482,1.41198606817121
0,1,1,1,0.650051828047,0.39190660850156,2.80854269018243,1.21489476094017
0,1,1,1,0.647819328126481,0.384610058910587,2.92579082531768,1.30997668696856
0,1,1,1,0.682534533149064,0.370649010203571,3.19062625097239,1.31998706283337
0,1,1,0,0.581178792003372,0.394060460627956,2.56906650546162,1.49696575827286
0,1,1,1,0.718008215807284,0.410962994160443,3.25236791036676,1.27550576540624
0,1,1,1,0.681565517673957,0.366891763618903,2.90416244548388,1.17671871654018
0,1,1,1,0.654860269421204,0.405384484011422,2.73173481669841,1.33814175538565
0,1,1,1,0.632577524148883,0.405081557523153,3.11223324300957,1.19644787888242
0,1,1,1,0.670195169497534,0.391228760620676,2.64258025200226,1.14956420691271
0,1,1,1,0.632817382861073,0.406063344368033,2.61868491755403,1.18485436068147
0,1,1,1,0.627603118633882,0.412247397579522,2.73484590652359,1.26152286852917
0,1,1,1,0.662072769091826,0.405135499475743,3.22155679412902,1.27118247879538
0,1,1,1,0.650447759755886,0.394805826249701,2.84471420584847,1.15691610112915
0,1,1,1,0.692243605534836,0.410250532326783,3.09874689818558,1.2401869981712
0,1,1,1,0.587456020773456,0.383114066971612,2.61830024950047,1.19720931582113
0,1,1,1,0.678589271307082,0.363710409860776,2.65948543525908,1.10255125016774
0,1,1,1,0.664681784132049,0.445747330773788,2.92639269162149,1.34516023857723
0,1,1,1,0.663290269898244,0.38983108901426,2.91813047808019,1.20027547305194
0,1,1,1,0.647271555887505,0.397013281532969,2.95296687314751,1.13306162721892
0,0,0,0,0.608920377451013,0.399692225574626,2.82462973713141,1.17469561614444
0,1,1,1,0.644566234107492,0.375651863772164,2.93655567270025,1.13771937289062
0,1,1,1,0.665907682582321,0.386140026370906,2.95954180537121,1.32823916302043
0,1,1,1,0.707405456019985,0.37147457943034,3.00696184098043,1.4061752753734
0,1,1,1,0.664673501419547,0.414411467827579,2.82252687570094,1.10969281427676
0,1,1,1,0.607797472654491,0.381074190505473,2.88321181758289,1.37050178513844
0,1,1,1,0.682521797166328,0.396014552954639,3.07660436732489,1.30078347244442
0,1,1,1,0.644693189670701,0.412573277820644,2.9677165406329,1.21280072059997
0,1,1,1,0.622909987833788,0.393213723666037,2.67666833928323,1.25808328697089
0,1,1,1,0.670534207255134,0.393417919751483,2.66504642197288,1.31162950307233
0,1,1,1,0.625045070330906,0.387221327385597,2.98398019899974,1.222799317284
0,1,1,1,0.596262205940288,0.397027864239139,2.66210828044694,1.23942263964582
0,1,1,1,0.640297559709378,0.397737798762256,2.67671949082788,1.21650296719816
0,1,1,1,0.615296486864427,0.402755318521044,2.72373933291871,1.32530570407443
0,1,1,1,0.715330844975008,0.406871736977676,2.60384600337974,1.24087883231239
0,1,1,1,0.656068614554969,0.371400451033372,2.8570276239746,1.20268352111664
0,1,1,1,0.681793245574462,0.372397993603736,2.9553103325407,1.13202218074802
0,1,1,1,0.659275868694992,0.356638778297777,2.66400818303484,1.17105104906771
0,1,1,1,0.62736341886536,0.402943665408023,3.01464722347702,1.43749302129344
0,1,1,1,0.641776384753664,0.379517680297691,2.78232941902178,1.24274135204552
0,1,1,1,0.642879419752104,0.404268383057026,2.80735896097725,1.20474344435186
0,1,1,1,0.626389040695782,0.407569224683961,3.2017483086436,1.24715944268791
0,1,1,1,0.65310070592222,0.391922868603993,3.32965769823612,1.13594821888766
0,1,1,1,0.659987254233057,0.381091510154321,3.01721039013134,1.38582311417272
0,1,1,1,0.639908959367899,0.394814618194144,2.78889286583235,1.16582543170572
0,1,1,1,0.610269910860655,0.387305353702804,2.58661378341043,1.23167958510554
0,1,1,1,0.606193453377765,0.400887773628857,2.90054170994468,1.23495474843166
0,1,1,1,0.64064103071092,0.381371679523486,2.74336454756685,1.15978759650463
0,1,1,1,0.679515174573404,0.394830418891691,3.09677623028272,1.20426350441043
0,1,1,1,0.653404706235022,0.359382997540887,2.64831485546575,1.08963263881759
0,1,1,1,0.641864583052044,0.40737558312414,2.82723971517545,1.20023917989845
0,1,1,1,0.585564800827543,0.414661267141138,2.99264556162263,1.33467730591616
0,1,1,1,0.656518928574987,0.37003610072672,2.69963969424344,1.16936319159371
0,1,1,1,0.724996377992974,0.384261452131664,2.92838811109202,1.28212721887059
0,1,1,1,0.628788526359594,0.391143855610232,2.79963573275375,1.19787424050418
0,1,1,1,0.64640959307438,0.40930992525236,2.88899475839359,1.24737257568053
0,1,1,1,0.621728550212855,0.385491289719396,2.89755257055065,1.27197513806433
0,1,1,1,0.689173166576185,0.357954352857084,2.98551119187036,1.24446377779178
0,1,1,1,0.643608357045309,0.401270986697981,2.70345319716006,1.35186606921984
0,1,1,1,0.607463472077162,0.394048761566218,2.94843586050339,1.26261750050341
0,1,1,1,0.631435790968438,0.387775960042845,2.83073230067799,1.3334373957879
0,1,1,1,0.675647152268736,0.403049604762077,2.65447001293724,1.0528688641953
0,1,1,1,0.611853431239723,0.399376815314101,2.63820693457759,1.32545566984966
0,1,1,1,0.654759178342363,0.42181823427874,2.96842805863386,1.32400645710398
0,1,1,1,0.691457081327391,0.414938962705405,2.94247991873195,1.08840359114812
0,1,1,1,0.579481890213067,0.399476665897758,2.69626057602274,1.26147602123949
0,1,1,1,0.63927113582286,0.401256148984816,2.58510721164512,1.09566555023053
0,1,1,1,0.648425497045519,0.39701166730809,3.13183322348353,1.16041621903051
0,1,1,1,0.650637448240181,0.382448016768021,2.94823389146101,1.21307140930082
0,1,1,1,0.674587757652629,0.369969268139852,2.76552787121188,1.2413357128472
0,0,1,1,0.629647601067427,0.39597194254074,2.92803810632661,1.30793103622909
0,1,1,1,0.634315604419458,0.397240056850398,3.10407283973983,1.16040257848105
0,1,1,1,0.726310322471968,0.385201776629031,2.7201696293085,1.27348804871429
0,1,1,1,0.678244789546906,0.384258905662697,3.07179804528527,1.24622217795968
0,0,0,1,0.715393185262283,0.396083050172928,2.82678624832939,1.18976203325249
0,1,1,1,0.634962798790123,0.408363142933845,3.06546078044769,1.17047855731897
0,1,1,1,0.617962187632724,0.375850545181316,2.74186968664608,1.42433876201875
0,1,1,1,0.623832440425154,0.376032803170007,3.18591164960347,1.26418586591941
0,1,1,1,0.627992742260668,0.368231493814525,3.08762032500286,1.15550755029817
0,1,1,1,0.705098040789195,0.394818237936476,2.72733256519449,1.17879138372356
0,1,1,1,0.568285871180291,0.405480975175759,2.86709932403954,1.24761307337454
0,1,1,1,0.648701330680425,0.361327672867256,2.66341766607434,1.06269179752207
0,1,1,1,0.647496375421484,0.417028945292355,3.12786971015977,1.16961760040062
0,1,1,1,0.640111570156764,0.384336532933732,2.99545831661744,1.39704310253548
0,1,1,1,0.585584680342917,0.401146416416685,2.80444326198405,1.23688422129826
0,1,1,1,0.662106239420152,0.405026127837924,3.01147842007608,1.39660192865031
0,1,1,1,0.683557057341613,0.38327183170005,3.01935870021056,1.30299218583899
0,1,1,1,0.654616212690359,0.365439680134221,2.66893445959579,1.1744909396768
0,1,1,1,0.699456172435235,0.406595969914682,2.94620861372765,1.21428503479243
0,1,1,1,0.622201235405333,0.388389372453368,2.84976697698922,1.14634930386677
0,1,1,1,0.666060541669967,0.392611563537153,2.52514929431771,1.13182878863209
0,1,1,1,0.602022344752543,0.391336651749859,2.98968390283097,1.29200068223623
0,1,1,1,0.605458789375131,0.359857731807622,2.81765505580551,1.23294734524729
0,1,1,1,0.610015602798315,0.363463087894886,2.8712670358132,1.23916812428896
0,1,1,1,0.699262198702789,0.433623689717628,3.30029453528059,1.38029977315943
0,1,1,1,0.624986032904729,0.393086001661604,2.80247487092742,1.28375008687971
0,1,1,1,0.607206477690978,0.400229185082329,2.67112631394366,1.25196089659954
0,1,1,1,0.644017970119415,0.373941311392645,2.71156831061507,1.1767070273015
0,1,1,1,0.641701798813395,0.38379114913227,2.78490924616487,1.22377190980038
0,1,1,1,0.6599373314618,0.395108331981639,3.16704600350507,1.30887688409614
0,1,1,1,0.663967336234537,0.416707532146825,2.69265749229512,1.37175518059639
0,1,1,1,0.631939323609294,0.384323439414333,2.87252975090744,1.09455929672316
0,1,1,1,0.588970744696049,0.382439932152131,2.74310301090296,1.28641703338751
0,1,1,1,0.654379945062142,0.400802160341433,2.82196459965649,1.31853418865452
0,1,1,1,0.593557943885513,0.372900950514223,3.005629219896,1.1783773423706
0,1,1,1,0.619286543428588,0.432619339864501,2.61994824561101,1.09047694148304
0,1,1,1,0.616269456626815,0.410401463507101,2.86488349082106,1.22960560032512
0,1,1,0,0.625741465723037,0.41628654239903,2.88376745607452,1.08965983415697
0,1,1,1,0.671143253042123,0.374078901594896,2.88148174370866,1.36830919629669
0,1,1,1,0.642604971543949,0.410471871597719,3.19010164058865,1.24276501203361
0,1,1,1,0.618346962607735,0.386182386500114,2.92830435655692,1.38954630204272
0,1,1,1,0.62641238634684,0.382048060898283,2.88296091977513,1.29044094859556
0,0,1,1,0.636606324828033,0.406150833706053,3.10716872014879,1.21014807826773
0,1,1,1,0.683585308785611,0.369342889514774,2.91168603030715,1.24329771153329
0,1,1,1,0.620864584836859,0.369625336307361,2.75661232295814,1.18908458118932
0,1,1,1,0.674959653038184,0.385840735831432,2.77367394585995,1.21841657312004
0,1,1,0,0.627144106277521,0.390174259705111,2.55248625171637,1.01120083599053
0,1,1,1,0.679709729057894,0.387420200099815,3.01143869445782,1.2123968596242
0,1,1,1,0.664357716711426,0.406300486123925,3.01094587695475,1.28610701587293
0,1,1,1,0.603691390562318,0.38495417731191,2.8405942930123,1.19930249219029
0,1,1,1,0.635589535104895,0.391240414123848,2.79873780900196,1.29736743261504
0,1,1,1,0.677879509178417,0.397971998717345,3.01422547912428,1.27506446728564
0,1,1,1,0.629943584310688,0.351611596390866,2.43720142511778,1.27554259639393
0,1,1,1,0.632301490607064,0.404326423491168,2.89103674166311,1.19358642516206
0,1,1,1,0.634560557651369,0.383052278135895,2.83148691772877,1.23648897740783
0,1,1,1,0.617217019747201,0.375319921123844,2.88858451820604,1.29107978352451
0,1,1,1,0.658238314826796,0.40035205761893,2.79459903974764,1.25481926036367
0,1,1,1,0.675421289743965,0.3903387178533,2.99570185891904,1.18487962438698
0,1,1,1,0.658634623701823,0.396342883499969,2.8907460727236,1.31288485431455
0,1,1,1,0.606778041482594,0.380331663130994,2.91982339626032,1.16405541935468
0,1,1,1,0.67538412206877,0.392905182001674,2.94388600025422,1.28709480930459
0,1,1,1,0.588206959180579,0.373506000874631,2.87340136621061,1.16525762587499
0,1,1,1,0.622397476903576,0.391473386096853,2.88372622705702,1.49702953523196
0,0,0,1,0.628755609549129,0.36731721237078,2.7675535813761,1.12203041164794
0,1,1,1,0.657552157613821,0.399031368881258,3.21553439543032,1.27477826287269
0,1,1,1,0.617890053056823,0.40155647857745,2.78119342972218,1.38196444895565
0,1,1,0,0.700364860707801,0.384759458720023,2.83891296611219,1.27369170385051
0,1,1,1,0.636400671883881,0.423476352181391,2.72833424478414,1.22393136646772
0,1,1,1,0.711478169985122,0.429406985554104,3.02288462068498,1.27988712571175
0,1,1,1,0.663141576466507,0.410805483892223,2.99983971649052,1.23748515667117
0,1,1,1,0.621696462013431,0.389273291758806,2.46214110630643,1.23151296716171
0,1,1,1,0.632187363907651,0.376974739562935,2.83707745410923,1.32673969811627
0,1,1,1,0.641367871599225,0.406719282852982,2.53711057063776,1.22200758066638
0,1,1,1,0.640395150721603,0.398739950737261,2.84085335765502,1.34339215971383
0,1,1,1,0.651266049817562,0.365198448731141,2.77036383405481,1.29657026819574
0,1,1,1,0.658742981368485,0.403099143232566,2.30516468063834,1.17927290210286
0,1,1,1,0.656872159247531,0.388558284126492,2.79865761604095,1.32618068594341
0,1,1,1,0.621944603439092,0.394432154305845,3.00604969877906,1.39207081212143
0,1,1,1,0.673480030900692,0.403952810306264,2.77736829909559,1.19878802794653
0,1,1,1,0.627276363500422,0.393391065210612,3.15396295232681,1.4186894316195
0,1,1,1,0.6728396863814,0.396284646077753,2.80349679547475,1.47692249772109
0,1,1,1,0.679497587270375,0.376769152798502,2.79925626616611,1.18741411062441
0,1,1,0,0.688497977525491,0.390583297812512,2.92970262302372,1.14024935811882
0,1,1,1,0.656327168070937,0.396417700502837,2.75415312786505,1.26308516705092
0,1,1,1,0.608234532744715,0.399786652687996,2.82166306309695,1.37547904528767
0,1,1,1,0.602331874381228,0.372443324977106,2.714998475943,1.33552746647434
0,1,1,1,0.652441522418221,0.384340009945463,2.86802579380831,1.21475314848116
0,1,1,1,0.63299753613796,0.399283699641853,2.68308449285464,1.31631839999048
0,1,1,1,0.666578669192936,0.401790512971566,3.09202641268772,1.24691679597804
0,1,1,1,0.663902032857198,0.376817331748427,2.935833227807,1.18105656704673
0,1,1,0,0.667629771170711,0.403068483358003,2.58206333814446,1.0672062326662
0,1,1,1,0.644524664999169,0.423256852013265,3.0084383781869,1.32043467525456
0,1,1,1,0.63023497259422,0.386624764453203,2.6808686539093,1.17650250396944
0,1,1,1,0.680363526314228,0.391609687918697,2.98182290640327,1.19047031598414
0,1,1,1,0.648989795763217,0.402847505097879,2.91634952488879,1.31643907366754
0,1,1,1,0.60899462800694,0.379157223615245,2.99339926498588,1.22100701968484
0,1,1,1,0.654459876313857,0.398117893644684,3.05207930320889,1.16124450012701
0,1,1,1,0.600889509374723,0.357807222309351,2.39347338607421,1.44677802745861
0,1,1,1,0.658856985975383,0.395544424513685,3.07787002969997,1.2752686752978
0,1,1,1,0.66842906465368,0.403848741459366,3.00025684033708,1.25163408579846
0,1,1,1,0.659191572041797,0.404386602793716,2.92503778584899,1.12856955431514
0,1,1,1,0.655289207722376,0.423592974419071,2.95473193895975,1.18794161218878
0,1,1,1,0.693290441018968,0.378789286529192,3.08397065786301,1.32002498476038
0,1,1,1,0.705428677642899,0.365223658081347,2.95226865969033,1.21838710626779
0,1,1,1,0.585796248186869,0.37551108502558,2.42192348895307,1.15593632271877
0,1,1,0,0.607509747165846,0.375697042320812,2.99657170493335,1.12146749422002
0,1,1,1,0.623828180831576,0.386491494304266,2.79015347562613,1.29450382690187
0,1,1,1,0.656769985783702,0.403688203220758,3.2343780716486,1.31100691768152
0,1,1,1,0.666797115055585,0.407428412036229,2.64169342464525,1.25405111595892
0,1,1,1,0.570727017950914,0.373093222275788,2.82495625143923,1.2519046685325
0,1,1,1,0.629587057544768,0.404385025374276,2.69202091908257,1.21072177944458
0,1,1,1,0.633853280313233,0.391666186355549,2.75737951786413,1.21261479744739
0,1,1,1,0.656080619843758,0.386576011432545,2.98238605413348,1.22842960484114
0,1,1,1,0.667548608750631,0.360379563618343,3.04032570481201,1.279469399698
0,1,1,1,0.666396457284591,0.39808800762342,3.14706363790105,1.29923517201066
0,1,1,1,0.667349281923666,0.37352400418697,2.62498280374964,1.29688029210429
0,1,1,1,0.663262422914429,0.383055164113543,3.1812000996301,1.38686061182995
0,1,1,1,0.618945177408158,0.369817086090642,2.69526374985803,1.24773128343081
0,1,1,1,0.584775494870275,0.381894966519686,2.59166139065438,1.39150030860709
0,1,1,1,0.628869568699321,0.392024100705456,2.86904489203069,1.19490133690827
0,1,1,1,0.652541562473872,0.391393992419213,2.94265042014431,1.29316033691171
0,1,1,1,0.598815433168908,0.411759869441926,2.64121698826641,1.16462429111117
0,1,1,0,0.622129074299788,0.408400475956053,2.73725500743479,1.10548007801533
0,1,1,1,0.6526852272392,0.388940317481324,2.52090492426513,1.37712613273072
0,1,1,1,0.638011598409535,0.380654160951822,2.92472021119425,1.28414548911158
0,1,1,1,0.666640252895512,0.425109694438526,2.74039182197075,1.23866361746801
0,1,1,1,0.64082870488502,0.376182273947842,3.00298703410469,1.18381985141281
0,1,1,1,0.627939379536696,0.413357976868911,2.99316590757159,1.17215483504221
0,1,1,1,0.66966329492945,0.383113285759695,2.83702108899825,1.23677987544642
0,1,1,1,0.637865541377329,0.375532396073501,2.7905643322531,1.37949673234944
0,1,1,1,0.650220137538848,0.385361996120216,3.20000682153432,1.30560770212825
0,1,1,1,0.62860948102414,0.39727433105484,2.97686381407601,1.2687171535633
0,0,1,1,0.67464443901319,0.391624678191818,2.99354055438959,1.27657156941159
0,1,1,1,0.650179624276036,0.410743748614241,2.35098403673604,1.14452524641014
0,1,1,1,0.632785834823652,0.379755146050507,2.9128017097066,1.06937843667557
0,1,1,1,0.636462143659225,0.403310059573199,2.88476765415907,1.33751221319735
0,1,1,1,0.682770446527445,0.38843384698877,3.06482890504297,1.28732479966958
0,1,1,1,0.613480930643545,0.39165796459801,2.78051577288239,1.13819861902523
0,1,1,1,0.572250202987509,0.418226385898043,2.45781873638648,1.3368384211132
0,1,1,1,0.667602762698955,0.412354641610432,2.90444189881424,1.19496012551058
0,1,1,1,0.665359194916499,0.403340461191273,2.90148548146927,1.17341241110021
0,1,1,1,0.64787348753413,0.375517130397545,2.86493103010077,1.22660589695187
0,1,1,1,0.715622726031115,0.401369814688393,2.95008596952879,1.42192413188812
0,1,1,1,0.620749863328351,0.400704893489355,2.85689073111098,1.2717091385384
0,1,1,1,0.626676327289307,0.389580747832079,2.87237721309258,1.30035944837107
0,1,1,1,0.637413370877525,0.376832962352658,2.46807274446544,1.12005901693541
0,1,1,1,0.626194631177732,0.390475693904991,2.86380428539984,1.22980470231599
0,1,1,1,0.614975989354246,0.376895214090466,2.7630399615589,1.36753459897892
0,1,1,1,0.664332060888894,0.395068493715948,3.12868399325214,1.21378875749877
0,1,1,1,0.672039488739979,0.383586843451309,3.00206404636393,1.24986959946897
0,1,1,1,0.639356722056462,0.429679728646104,2.9414539479398,1.32158312883614
0,1,1,1,0.655609836468155,0.385170849847551,2.73781880188616,1.23692801021806
0,1,1,1,0.637842585452084,0.369653585833347,2.67904067411217,1.13631206768574
0,1,1,1,0.632300468440879,0.421429809111398,3.00973651932704,1.27794575301449
0,1,1,1,0.617115302476704,0.415133995540474,2.76567748054171,1.21498426944241
0,1,1,1,0.643396628658925,0.370060312638504,2.82039789342061,1.13598935004992
0,1,1,0,0.579820034552567,0.381171700418962,2.84746443098121,1.39453202955216
0,1,1,1,0.668835031228669,0.410075268506656,2.86060145700712,1.16409315740897
0,1,1,1,0.611777636140881,0.391398609720866,2.68228353362678,1.24601267409883
0,1,1,1,0.633956084990465,0.407456887755487,2.84226885709751,1.17975312424568
0,1,1,1,0.701927379491022,0.4135616806802,3.09961139425333,1.27395070698945
0,1,1,1,0.65857437635794,0.392495473151917,2.73233098490338,1.30959493911067
0,1,1,1,0.66965438347356,0.399604389143069,3.01773033712703,1.30660609682268
0,1,1,1,0.629262415101289,0.383359456862229,2.66367144889423,1.35646926315777
0,1,1,1,0.669118710382608,0.384257312356663,2.88352258932873,1.21967517546785
0,1,1,1,0.653712638724518,0.40230110954274,2.83811649531822,1.37946662548674
0,1,1,1,0.598795332134004,0.400341493165789,3.20898892865556,1.30990978859648
0,1,1,1,0.680523686159705,0.375777184233082,2.67511221458522,1.32188659452871
0,1,1,1,0.63093729229486,0.3711426684785,2.47754018185268,1.12900137318144
0,1,1,1,0.657297671305868,0.384253782612462,2.63784860812412,1.41890830625837
0,1,1,1,0.624432844669162,0.412568085975971,2.64893308440804,1.44699703579125
0,1,1,1,0.685870311081132,0.387272517138399,3.00781196188664,1.20467699243376
0,1,1,1,0.626161480545304,0.396334100803037,2.84387734760671,1.38776354491011
0,1,1,1,0.648054093125419,0.413998063754389,2.91278249387788,1.25206404660535
0,1,1,1,0.67068317465358,0.414406472223987,3.0862852802737,1.17676931931187
0,1,1,1,0.608796145596816,0.414891796524401,2.90547009579604,1.26875607271629
0,1,1,1,0.735877111855072,0.383499573352181,3.34830562343147,1.28978622813746
0,1,1,1,0.645337875015875,0.393771868447488,3.0128295989209,1.33074695862374
0,1,1,1,0.628827140985864,0.374224942155248,3.10191877529732,1.18262035808044
0,1,1,1,0.69899485438793,0.403195825185427,2.95170539024838,1.2854392035626
0,1,1,1,0.617341888919492,0.38844087662278,2.93808313864956,1.22779527076247
0,1,1,1,0.635704037560523,0.366775092257561,2.75906558455036,1.2525605226911
0,1,1,1,0.61137193793198,0.36771694381523,2.64118343792143,1.20584496784837
0,1,1,1,0.623181527093572,0.385257715263006,2.98373177843599,1.26065003511194
0,1,1,1,0.662400451044235,0.364630474351831,2.45768923561545,1.4502304656089
0,1,1,1,0.63595157171719,0.39937784761091,2.78023261544295,1.24791998982975
0,1,1,1,0.668218077880767,0.384858916129948,2.88733616790681,1.23993691389962
0,1,1,1,0.631922411732287,0.409448605504656,2.82213642642607,1.22398183919766
0,1,1,1,0.592545195362043,0.387028827559835,2.85931814408277,1.12152641738358
0,0,0,1,0.716429046023482,0.404108832281031,2.80933294596262,1.13255947372741
0,1,1,1,0.669398867475391,0.401095345445252,2.88877229669358,1.17980773139076
0,1,1,1,0.683668248117039,0.420022343461682,2.75137044023749,1.15103723626548
0,1,1,1,0.662264582791362,0.395391402323738,2.86225880134036,1.24996152544403
0,1,1,1,0.636317935647899,0.39406591756412,2.92566428039829,1.24005530100203
0,1,1,1,0.659720076333195,0.40386701655837,2.78761424344506,1.20919483984199
0,1,1,1,0.674229846412696,0.414866642897076,2.95834316814734,1.21435530695907
0,1,1,1,0.625981022961058,0.410920976714669,2.8079716812807,1.18134543326746
0,1,1,1,0.67004325705125,0.398741293259036,2.8610207037895,1.2180301429605
0,1,1,1,0.646004147007242,0.393937706316156,2.90295364681767,1.21802009996808
0,1,1,1,0.693663778133125,0.381673267117108,2.79452425692592,1.16475280160051
0,1,1,1,0.6120725411299,0.398697785747968,2.77919927050625,1.18950794716936
0,1,1,1,0.584928647148076,0.385417924026473,2.54053293813201,1.18376024663185
0,1,1,1,0.63500923357749,0.4157356086727,2.62321868119112,1.1582610809789
0,1,1,1,0.668394814461209,0.368710976357981,2.98677293429662,1.12062221972465
0,1,1,1,0.622695974762413,0.386968424171324,2.71988793474373,1.22066660313684
0,0,0,1,0.620190069910921,0.370278401761144,2.87484212810746,1.28417398912295
0,1,1,1,0.692700346128923,0.388300906358428,2.71636348474036,1.1958965215574
0,1,1,1,0.639791183911158,0.386595528116256,3.05646045747859,1.18202502200475
0,1,1,1,0.637765421797166,0.398497977863231,2.77951664926827,1.17394903348555
0,1,1,1,0.617044096498782,0.369326215476051,3.20747645424205,1.37230932094486
0,0,0,1,0.578345173481834,0.392787618488423,2.55734862235911,1.19079610051348
0,1,1,1,0.681961809954449,0.386685396023939,3.02195451936972,1.21290582191792
0,1,1,1,0.689725685270954,0.401004714313688,2.92223943226139,1.42183510121799
0,1,1,1,0.594427289792503,0.388752065010233,2.88932437126715,1.48750932936077
0,1,1,0,0.682024808995379,0.422174532507831,2.91319371976539,1.15587096589411
0,1,1,1,0.636411934063323,0.355995491164379,2.55334149902153,1.22685192791468
0,1,1,1,0.663221203227214,0.391532714841783,2.90242603454334,1.40069048311309
0,1,1,1,0.660166302209928,0.375422583927575,2.70448320826917,1.34749790567694
0,1,1,1,0.653464338301953,0.375718974251465,2.91383936643279,1.26230223000287
0,1,1,1,0.644614739606996,0.385056734274306,2.81036892050338,1.18179096721747
0,1,1,1,0.65585629453149,0.352967391260755,2.59164659683184,1.38269736420252
0,1,1,1,0.636247628161876,0.398588395270366,2.61608930443868,1.39225985029843
0,1,1,1,0.657472178203723,0.41645118953802,2.57991823228541,1.34438601203689
0,1,1,1,0.610658565617742,0.381319212446092,3.03209329080961,1.2845983156031
0,1,1,1,0.65724252380971,0.40354367678714,2.90239927750614,1.2807803370111
0,1,1,1,0.685100939080672,0.402733710197831,2.72985110004411,1.25384730127584
0,1,1,1,0.610812446914148,0.379953567642064,3.08395900453885,1.32255871309068
0,1,1,1,0.625283501061334,0.386103947905172,2.81847325019617,1.22279314346673
0,1,1,1,0.630836336386225,0.396823349881493,2.51891314396828,1.34113915288796
0,1,1,0,0.678446265858986,0.396840338663623,2.99774350272858,1.27886713835503
0,1,1,1,0.649711039685971,0.390794849315653,2.87066910256168,1.23861536886613
0,1,1,1,0.614185555298086,0.400572826633522,2.88317914953795,1.22373737711953
0,1,1,1,0.641167346926702,0.395632476828229,2.9283209838141,1.19108016078192
0,1,1,1,0.660497978627061,0.384925005403642,2.78944608687981,1.12309905906697
0,0,0,1,0.683179312895268,0.369218334050578,2.91325330266709,1.35547751642947
0,1,1,1,0.604407867933543,0.387338182910335,2.49375843427991,1.06862351601416
0,1,1,1,0.701106908293394,0.409137066840652,3.05815086217653,1.34631878587823
0,0,0,1,0.636583198487271,0.376814810810262,2.43652046471949,1.12362283280411
0,1,1,1,0.640073967855226,0.386198370061703,2.89369579547931,1.34573397062915
0,1,1,1,0.59344423464898,0.379990066505606,2.61634676646378,1.43379774903989
0,1,1,1,0.666981327998906,0.389308105586447,2.60295594833808,1.1640819254372
0,1,1,1,0.700823360495581,0.401629070286247,2.97906309656822,1.19989674866984
0,1,1,1,0.647849279657153,0.400819427207338,2.75514770918526,1.29750107262479
0,1,1,1,0.666795578136681,0.374154415390929,2.84266205663415,1.40205500207829
0,1,1,1,0.622227245335349,0.39490324224929,3.08294383667557,1.22043859876345
0,1,1,1,0.658389058756235,0.375008280780302,2.92497557289886,1.22644792285765
0,1,1,1,0.620006660564808,0.405359128119357,2.85208654804197,1.29921736616626
0,1,1,1,0.656531960738648,0.415367551058879,2.79730695378828,1.18664531648344
0,1,1,1,0.637781319803914,0.375893318114116,2.80632952910514,1.23097882575642
0,1,1,1,0.680965911994631,0.39823948228729,2.59615956444699,1.31183283151413
0,1,1,1,0.640040000293661,0.432739075791723,2.7960951753454,1.15346276457422
0,1,1,1,0.683688372391058,0.380449538750415,2.7676702909725,1.43681572888462
0,1,1,1,0.659009529716172,0.426632745000557,3.06161134166963,1.31821353321123
0,1,1,1,0.636503388281649,0.40038101915266,2.99929790832744,1.09459766216736
0,1,1,1,0.669184491357433,0.41074921141966,3.02723510887631,1.20050832523297
0,1,1,1,0.673337136263955,0.39714695070819,3.10932617887081,1.09951030539743
0,1,1,1,0.627529044211549,0.362982192977082,2.57882114282862,1.10198591496676
0,0,1,1,0.668054679685523,0.386530354371195,3.07198596225616,1.20575302314253
0,1,1,1,0.595277078327307,0.377079853108384,2.81221515126677,1.23230408614588
0,1,1,1,0.610235671374588,0.402322601277433,2.71531464653727,1.36364980052388
0,1,1,1,0.611793478272578,0.406338665899479,2.9913638343011,1.37136171286588
0,1,1,1,0.661647107972608,0.393655945008274,3.00993608393539,1.3008598624175
0,1,1,1,0.695323053680021,0.406097842451919,2.73171573968296,1.20620321347857
0,1,1,0,0.618686420158586,0.409929438558027,2.80437922378942,1.12234996356465
0,0,1,0,0.622097147771046,0.377199218452334,2.63697187508357,1.38792307713262
0,1,1,1,0.630265469222409,0.384966817485477,2.5993426913067,1.20681200559513
0,1,1,1,0.63470227427131,0.3760503979924,2.62083943195747,1.30499429721088
0,0,1,1,0.66863934232395,0.391622252780407,2.87312946677553,1.22739679479485
0,1,1,1,0.669340873260169,0.409016746688837,2.90845163147762,1.20523251163611
0,1,1,1,0.634364023317581,0.364968220304697,2.91166286904496,1.31345486894
0,1,1,1,0.612460622668116,0.398089846002979,2.94164381308884,1.17466538587896
0,1,1,1,0.695867199749627,0.423208204953127,3.03970820326283,1.23192583874849
0,1,1,1,0.641596800329054,0.391085245499662,2.59281453329521,1.39130947887729
0,1,1,1,0.596060780673578,0.417652540130703,2.62460150447723,1.40502793898373
0,1,1,1,0.692076370266141,0.386172600130617,2.90207530349739,1.34032132982309
0,1,1,1,0.643920929557347,0.393660769855142,2.75717487284102,1.14615189460957
0,1,1,1,0.607185149207627,0.384999373035182,2.82504854894784,1.34809120876465
0,0,1,1,0.666268990889022,0.416850631573162,2.8325642673154,1.37001290553815
0,1,1,1,0.643190583212979,0.391252426597271,2.88931796831832,1.19613015952705
0,1,1,1,0.629609189836801,0.373250879554198,2.68210739000223,1.14840618236097
0,1,1,1,0.683019139201067,0.387629484656436,3.13049309010571,1.1449938512726
0,1,1,1,0.671057093940505,0.435631224933259,3.18306125897212,1.28981753494532
0,1,1,1,0.65027721066437,0.422960546134237,2.98387052197689,1.21995290677841
0,1,1,1,0.625733213497637,0.389017005969225,2.8119324518461,1.306736571929
0,1,1,1,0.663397050573023,0.387806948058629,2.89189551391292,1.2355502123119
0,1,1,1,0.609025736259027,0.394186116038902,2.92945689614515,1.21797448934531
0,1,1,1,0.611091296558995,0.411287494081297,2.89792567107333,1.33305515288621
0,1,1,1,0.624611680766914,0.367273343922326,2.8892054933414,1.14152843710767
0,0,0,1,0.605977066068786,0.402086130904216,2.82136692290947,1.19460621223172
0,1,1,1,0.685733642450526,0.384948375004887,2.81521502418868,1.26426467667182
0,1,1,1,0.64544596614921,0.439179422853811,3.09183734208334,1.35877325240498
0,1,1,1,0.664098182036112,0.361978412617741,2.95815949344839,1.16009939037222
0,1,1,1,0.657620834922927,0.406743405437407,3.02487333047735,1.14296966021436
0,1,1,1,0.676726201930698,0.38540795242075,3.06000561851701,1.24253239332712
0,1,1,1,0.63252618856394,0.410345862378252,2.71403049106193,1.18440753683134
0,1,1,1,0.611982830920022,0.385968517573953,2.53631354226249,1.20386083683509
0,1,1,1,0.594698008854414,0.381126224112835,2.88967444189083,1.1605494451954
0,1,1,1,0.632916693613851,0.366103275263423,2.61160499338999,1.1638799659571
0,1,1,1,0.614179735590062,0.403969163045319,3.02289690842372,1.18275754015713
0,1,1,1,0.628368730453728,0.391887337773984,2.62825147904669,1.3198390284225
0,1,1,1,0.672025305322407,0.397762472280032,2.80393531178444,1.21232054752494
0,1,1,1,0.630440241483684,0.413394776110228,2.94386493415234,1.31300901770991
0,1,1,1,0.616132790141539,0.396272246437378,2.62040511624204,1.29000412382527
0,1,1,1,0.706797733659146,0.416508170172236,2.90817827820849,1.18808433571877
0,1,1,1,0.665527482372425,0.402711921664669,2.85563219205593,1.32379857696147
0,1,1,1,0.640483182549389,0.385549935237594,2.74514434678984,1.23272880620064
0,1,1,1,0.591176308062793,0.376038542305362,2.52704531646853,1.11490657226537
0,1,1,1,0.635237306955999,0.402309455405916,2.85974003553409,1.29985774974687
0,1,1,1,0.629784424701915,0.379313164176054,2.78756943329876,1.23540324852775
0,1,1,1,0.651708415952979,0.375567817873244,2.71550393252007,1.27422863507399
0,1,1,1,0.60534407719037,0.387329627283064,2.818971744045,1.16952576181824
0,1,1,1,0.632264813830014,0.389914969113168,3.0176225551003,1.23653493013518
0,1,1,1,0.637256838599059,0.396033833549856,2.99702451636557,1.16838173422514
0,1,1,1,0.6096461384582,0.38622693681494,3.13153045048032,1.51903774712757
0,1,1,1,0.645031647609144,0.371724362900573,2.83227773039317,1.27538280522824
0,1,1,1,0.722712792425872,0.417752413726959,3.09831424661332,1.23928232060957
0,1,1,1,0.62797861646649,0.398641951287363,2.7015973318875,1.18895652425424
0,1,1,1,0.70414252711589,0.381729979702306,2.61521016938908,1.30428928870011
0,1,1,1,0.597984046037609,0.409852290935405,2.95151380254997,1.39134241640588
0,1,1,1,0.690419880189777,0.402806646542776,2.84900564918155,1.24091142939979
0,1,1,1,0.652894801857631,0.410355823309387,2.88204021145768,1.24400785834119
0,1,1,1,0.661393335985561,0.398592955050078,2.61234296322215,1.18652396501537
0,1,1,1,0.671307983588127,0.396702127062238,2.78448608313902,1.23370329360747
0,1,1,1,0.626339592255398,0.40764225374946,2.99629943756988,1.27976820061667
0,0,1,1,0.65702932707748,0.413037707837297,2.87701386763879,1.30395494129578
0,1,1,1,0.675394485824433,0.393618990429805,2.70654878545484,1.19295275357167
0,0,0,1,0.631190186803181,0.390318703770368,2.64366137637421,1.17657572144589
0,1,1,1,0.643549055069971,0.406532262582739,2.9399769435296,1.14855892043844
0,1,1,1,0.636593687588641,0.374342042805096,2.81143099355832,1.22184253278876
0,0,1,1,0.686742729337016,0.369045898737868,2.99605211624548,1.19833788706824
0,1,1,1,0.716138323671705,0.396953182200349,2.86222515208686,1.2983210350852
0,1,1,1,0.670026397758138,0.413900643096078,3.26680794209636,1.40501444474609
0,1,1,1,0.680070291546507,0.382587868541629,3.04984917886894,1.19743549106502
0,1,1,1,0.606010943957588,0.391256349237587,2.66433328111664,1.21516376188308
0,1,1,1,0.615429362573029,0.416514112223851,2.83373787746546,1.31701933824298
0,1,1,1,0.620935262516167,0.375426152347115,2.85557140583194,1.21496430727993
0,1,1,1,0.666419002052049,0.39793394796244,2.95327752247275,1.24710557652265
0,1,1,1,0.649914032331712,0.403056550347724,3.11595370161666,1.16953697890261
0,1,1,1,0.647615389518052,0.404237641310106,3.20649933696865,1.16913987268735
0,1,1,1,0.648459943173102,0.38072951139377,2.90043408691713,1.15032841754392
0,1,1,1,0.688505345958526,0.407952510678836,2.94428364461419,1.22871495852489
0,1,1,1,0.6821781135095,0.39976199678326,3.04673194326745,1.32228059130324
0,1,1,1,0.654131789031122,0.408475301197141,2.74950700125068,1.21210639091488
0,1,1,1,0.631453178460462,0.375089723509471,3.02126918588775,1.26851190015499
0,1,1,1,0.661517935395122,0.377179683954736,2.91574451796282,1.21129879642051
0,1,1,1,0.703222284043744,0.355796313990226,2.67213703668538,1.23271719542831
0,1,1,1,0.579772904342696,0.373905959042943,2.64177661068848,1.20157568026505
0,1,1,1,0.618342778087856,0.409689583542718,2.96451585742803,1.32766967198974
0,1,1,1,0.649479046755939,0.403970092112853,3.00824104668627,1.2295637439967
0,1,1,0,0.689139576478987,0.418475460753626,3.09041308463654,1.09230208554647
0,1,1,1,0.633311248972036,0.366287200023826,3.0170755902421,1.18504968466613
0,1,1,1,0.652403237347862,0.399773506439549,2.83071307444675,1.38037564938958
0,1,1,1,0.659938537240667,0.381337712577284,2.75926269839654,1.20638457195543
0,1,1,1,0.617331195975683,0.377787555259992,2.70335959692852,1.12354282093973
0,1,1,1,0.626854597015609,0.411066619797764,2.7889204992005,1.433223869662
0,0,1,1,0.682090812847263,0.361783631479422,2.72694795562494,1.14768270835343
0,1,1,1,0.675273548314129,0.395673324496776,2.62521310568991,1.3788258906879
0,1,1,1,0.596684335448097,0.400562921383897,2.85713539596483,1.2762234691889
0,1,1,1,0.692943981360455,0.394500355903363,3.05300342051033,1.20923131302557
0,1,1,1,0.652256699056714,0.423964762253707,3.02562375403738,1.24257485475172
0,1,1,1,0.611999850014066,0.42755326580699,2.97430798395898,1.23448532692597
0,1,1,0,0.608967619129884,0.379989565966465,2.93262464016849,1.20571345932393
0,1,1,1,0.640632164012933,0.364787549892636,2.65664296755271,1.18505704122776
0,1,1,1,0.560710773900294,0.393511394433768,3.21094216601044,1.20948668768615
0,1,1,1,0.624444302996541,0.370676862423225,2.90327906021547,1.24326263540991
0,1,1,1,0.668639085147631,0.397417644393309,3.10456665495205,1.22976738270459
0,1,1,1,0.637262296598516,0.370815628667525,2.73544974190176,1.33391679958359
0,1,1,1,0.619327052292284,0.410672620492858,2.68475861038852,1.38935150993064
0,1,1,1,0.616351653897215,0.3882645929922,3.02250869260207,1.1579314856662
0,1,1,0,0.648336030742454,0.402769078831602,3.26442728612028,1.2339064166125
0,1,1,1,0.722750281185909,0.387079234376411,3.07402186519021,1.32517595521023
0,1,1,1,0.652580801539204,0.396269478138731,3.05257949385203,1.26187263568829
0,1,1,1,0.631232625276848,0.39124084171436,2.66430240823376,1.30597924251837
0,1,1,1,0.684955275266111,0.394058530166433,2.94449247594856,1.43869777315289
0,1,1,1,0.649931235391109,0.431483259036965,3.09495151782298,1.23702169732163
0,1,1,1,0.647139892064827,0.390193407470134,2.80126600625218,1.23035909393972
0,1,1,1,0.620872697593403,0.373647390914634,2.70644728522171,1.26417054292354
0,1,1,0,0.633665774458184,0.400178014950785,3.04610382230624,1.17891090511487
0,1,1,1,0.656375282846972,0.40474723090324,2.88744044459878,1.29121898266097
0,1,1,1,0.630783048721526,0.400182083979531,2.67050347407354,1.3205089852969
0,1,1,1,0.630572683839369,0.400903343711481,3.14132336891376,1.26306070479848
0,1,1,1,0.615733903516081,0.368243399860607,2.57686922230232,1.1163239192449
0,1,1,1,0.598901570586353,0.386131856460522,2.71409787206271,1.4406915063188
0,1,1,1,0.642906320401608,0.411819449782122,3.06613764162638,1.38590299200617
0,1,1,1,0.587713816379452,0.421556409142822,3.03960010071868,1.50867471015648
0,1,1,1,0.608172921607447,0.361723424690441,2.87193596942194,1.36161446134359
0,1,1,1,0.622534854601001,0.385654145237037,2.54274434000331,1.16743590745354
0,1,1,1,0.655650046583613,0.392037056854175,2.8674491630671,1.23915001428637
0,1,1,1,0.65818950318617,0.420197514420777,2.74832202690842,1.24541828375269
0,1,1,0,0.633542703504081,0.386729793166844,2.78400504551202,1.07818846004143
0,1,1,1,0.60693253192517,0.359681296565898,2.86153485934033,1.13866544059242
0,1,1,1,0.610986981033351,0.351563910743911,2.80443000779293,1.10117628119272
0,1,1,1,0.633174117079141,0.372662270893068,2.93720661227835,1.21987715952577
0,1,1,1,0.652001472662895,0.362970327303864,3.01594868267995,1.22850190625035
0,1,1,1,0.674123167079954,0.371052397776754,2.98643043516459,1.36717715313608
0,1,1,1,0.616198063213834,0.381962002494729,2.75098048842923,1.1718948511213
0,1,1,1,0.657617158327731,0.404062550030845,2.91661116229079,1.06474271551266
0,1,1,1,0.598619471120052,0.392644812379957,2.72734266939632,1.39920739200369
0,1,1,1,0.648839480464287,0.392665315328899,2.90190088883433,1.23734400075904
0,1,1,1,0.628272930487905,0.374379390255667,2.98120670466733,1.14327910477627
0,1,1,1,0.579265266013672,0.376521850537358,2.58133786745884,1.31034940248131
0,1,1,1,0.70748978804578,0.408863546069039,2.80370304591952,1.34171477990281
0,1,1,1,0.649022241295234,0.375654309938284,2.83223995876807,1.26892152941457
0,1,1,0,0.621896910061504,0.38133916951081,2.57970539913977,1.07129519445462
0,1,1,1,0.66133207963183,0.39977429835988,2.75906217225169,1.22035911526011
0,1,1,1,0.676709149285414,0.409724806779493,3.20378939297552,1.36761701670038
0,1,1,1,0.642326480020363,0.394711129897055,2.77232737162526,1.24243775428102
0,1,1,1,0.645076887196865,0.387720718139326,2.75275991704259,1.14172881815452
0,1,1,1,0.696458597115806,0.41141617100516,2.89214470819581,1.18533823908807
0,1,1,1,0.646667696024857,0.398210086112425,3.00605169220591,1.2942615674288
0,1,1,1,0.613064697129768,0.383162440679022,2.5980067181523,1.34089224812776
0,1,1,1,0.648380257269207,0.386945041434597,2.71855333842202,1.26115240844956
0,1,1,1,0.641121329380719,0.394913918743109,2.82739686408703,1.17419747565451
0,1,1,1,0.627994004511621,0.387045456115548,2.67027531520653,1.11590793119368
0,1,1,1,0.61026488222792,0.399263151617963,2.66060855552586,1.29887539488253
0,1,1,1,0.66096210815019,0.404447651373013,3.09679641480026,1.18740422961065
0,1,1,1,0.655979003137265,0.363165332561965,2.9319305557942,1.28565862360145
0,1,1,0,0.628279579426021,0.367964721274094,2.87034055518023,1.34056807883861
0,1,1,1,0.634191493014741,0.409469072271651,3.04911527811397,1.37457508687387
0,1,1,1,0.663332821608213,0.378690063187171,3.00352511346867,1.07345728729614
