"V1","V2","V3","V4","V5","V6","V7","V8"
0,1,1,1,0.70225422677322,0.388223802076442,2.75627079055407,1.33096191277888
0,1,1,0,0.67932359991247,0.384524129326614,2.90618141492341,1.10773769039595
0,1,1,1,0.620260450937029,0.402111063910503,2.7515977675644,1.39174714706534
0,1,1,1,0.630996892393376,0.384183669806215,3.22087103155026,1.25794335206516
0,1,1,1,0.589288324409925,0.406549821343917,2.98500972963051,1.14199296802109
0,1,1,1,0.605806425114762,0.383637693123055,2.67758086910073,1.11549979125806
0,1,1,1,0.635094463033592,0.378274334005246,3.01526181322008,1.15987574308059
0,1,1,1,0.673450484702986,0.389684650680878,3.01629224003399,1.35172923986599
0,1,1,1,0.552794179876737,0.370602227760326,2.67763762660652,1.35201342822856
0,1,1,1,0.712928915845911,0.412223316578067,3.01375359579993,1.15332854083761
0,1,1,1,0.690324632944612,0.39509682188619,2.66806744793447,1.25258285853571
0,1,1,1,0.655470963667538,0.41422592958931,3.0056483558448,1.31607566102902
0,1,1,1,0.656036172930373,0.38401333044479,2.84247940032167,1.2056146175295
0,1,1,1,0.665949434728455,0.420771179606645,2.84296290255424,1.24172920230893
0,1,1,1,0.655782785560296,0.412637771461857,2.69083012544408,1.20428336139562
0,1,1,1,0.644173237068971,0.402483512058504,2.83169216832663,1.27528993078624
0,1,1,1,0.597768021221639,0.400517779141987,2.74070874512265,1.27722325443365
0,1,1,1,0.672441354020521,0.416106138459637,3.009511420736,1.18187011949572
0,1,1,1,0.618569929084507,0.366945542146729,2.83096296310819,1.15799681965233
0,1,1,1,0.68194811135242,0.417992471440192,2.62718376809884,1.12750155382563
0,1,1,1,0.601340519283607,0.382853609391405,2.79956779397728,1.18934205942221
0,1,1,0,0.678664638247998,0.410437906190994,2.89715591150125,1.4083827754507
0,1,1,1,0.621389431759356,0.370440516585556,2.62217566212769,1.19717420214932
0,1,1,0,0.67003794097458,0.377297926801086,2.82157214055115,1.19829624539402
0,1,1,1,0.626146477640599,0.39959131405646,2.51307894088191,1.61459586494073
0,1,1,1,0.665778938472149,0.40196436450909,2.60898544783755,1.24689503745175
0,1,1,1,0.606505006173536,0.404242483530079,2.67561576969707,1.19574338851857
0,1,1,1,0.659746997757338,0.383147349935228,2.67774708279452,1.24251064405849
0,1,1,1,0.636099873821935,0.385684130105009,2.84514959691957,1.13213017994377
0,1,1,1,0.677741725634301,0.365803176990689,2.97974845022275,1.17065247570149
0,1,1,1,0.686815628075045,0.402144184539559,2.7302523613362,1.30957352259259
0,1,1,1,0.643246714980384,0.392930716842866,2.55590756367017,1.21080432326127
0,1,1,1,0.668996170256307,0.387272208416924,3.01320954013155,1.14826389941816
0,1,1,1,0.627820276071914,0.397935466375355,2.66431828212619,1.26393091559313
0,1,1,1,0.692339953517878,0.358503310406051,2.88971440723037,1.24924272513369
0,1,1,1,0.652829633558727,0.387667458142859,2.90073430724962,1.14676583634289
0,1,1,1,0.614302971416845,0.388028167060964,2.76816128014291,1.32120848962758
0,1,1,1,0.601496348406481,0.409652980864576,2.69861117704518,1.21260088323438
0,1,1,0,0.665692159790952,0.38906020116149,2.67705142204778,1.08497016561922
0,1,1,1,0.628672268140326,0.412191149866556,3.10828290442775,1.41828939695345
0,1,1,1,0.62851328706127,0.401739802954653,2.98811195511033,1.21964080950432
0,1,1,1,0.668843650285801,0.388817867212956,2.77278776058773,1.16183009617298
0,0,1,1,0.631016923279431,0.398858069357363,2.91187716158442,1.19100997507139
0,1,1,1,0.649570116018964,0.384086867219026,2.86643844986175,1.27053529634078
0,1,1,1,0.606293391293522,0.368937540067325,2.80081135499859,1.34848870961134
0,1,1,1,0.631397422763765,0.378781732152573,2.85163206418597,1.17611774199871
0,1,1,0,0.686939770329203,0.429121440659488,2.79549285619639,1.25521255893066
0,1,1,1,0.644746702924007,0.385028223843695,2.87208273384794,1.22018057726173
0,1,1,1,0.691620498650866,0.43158810485363,2.9685919755751,1.18872012601887
0,1,1,1,0.610058590798825,0.376921730539433,2.88471610437662,1.20835423245034
0,1,1,1,0.583096834051406,0.373444892842191,2.52664139928876,1.30942614397816
0,1,1,1,0.639252965608307,0.38424276971059,2.95570516714524,1.23018559391897
0,1,1,1,0.684701324937502,0.420675474147438,3.1032289822248,1.26057994553953
0,0,0,1,0.696465425506652,0.372445499774508,2.87293055692731,1.20182404290716
0,1,1,1,0.636645206010664,0.404781356533981,2.68460257411384,1.2347734360232
0,1,1,1,0.668186885872438,0.402455286785846,3.0017052640493,1.04500144870582
0,1,1,1,0.641427733537357,0.392557054947747,2.67068405621742,1.29113750695392
0,1,1,1,0.653611109261817,0.402840720959689,2.84676536477999,1.23417886738719
0,1,1,1,0.646100210709785,0.368848473554488,2.60412241825472,1.26140009165657
0,1,1,1,0.65913138485374,0.392652011007719,2.62376386747074,1.18469821202183
0,1,1,1,0.659438512710211,0.379979084249874,2.67809910854844,1.30527979594363
0,1,1,1,0.678028370409765,0.38660125586628,2.86073537200611,1.04198721040991
0,1,1,1,0.615263884134371,0.360635810847155,2.813591361889,1.05619302112769
0,1,1,1,0.656245579869852,0.416670231455567,2.82716407798719,1.2164837757381
0,1,1,1,0.653377948962698,0.39034973061521,2.95599042452037,1.16724905110856
0,1,1,1,0.640769919313626,0.385489461067286,2.51100118539502,1.1626297997472
0,1,1,1,0.673876370367869,0.367972435179226,2.85166580910084,1.19114495730476
0,1,1,1,0.631608513821784,0.410947587638973,2.78256776138632,1.31324145612108
0,1,1,1,0.608611781221099,0.360576552243876,2.74320963115057,1.22444386368263
0,1,1,1,0.579946709920714,0.372701376542891,2.74432373655151,1.45611987503596
0,1,1,1,0.631094744650674,0.400183302845267,2.67660364907232,1.15281765667548
0,1,1,1,0.658391890588913,0.385929001792039,2.83994719099003,1.26207574313853
0,1,1,1,0.668255762402137,0.390852122700692,3.15310939053022,1.11723353748704
0,1,1,1,0.639352547814861,0.416612642007749,3.13338800816254,1.26377210513739
0,1,1,1,0.660935984582197,0.414835407415503,2.93247741229712,1.20339007258116
0,1,1,1,0.650185186113262,0.365632906530543,2.62436823476409,1.15234262136988
0,1,1,1,0.659563026848972,0.392318733961521,2.78602704622836,1.2179194900643
0,1,1,1,0.697032722359535,0.403583807618762,3.012179200512,1.1991588334662
0,1,1,1,0.599802175773153,0.375906022829836,2.69602611013241,1.20190347325152
0,1,1,1,0.645232548383634,0.393248892252243,2.83309537062628,1.2482860858196
0,1,1,1,0.616061524458542,0.368268555291168,2.59291656297069,1.2761005237126
0,1,1,1,0.604584241593306,0.414122926007506,2.85137344817267,1.42091842814384
0,1,1,1,0.587184471723562,0.387958615798852,2.74683884039907,1.25145736000791
0,1,1,1,0.656839497583211,0.359295246253232,2.72715658106055,1.35635295653001
0,0,0,1,0.644692894066276,0.383491308215925,3.16029012614282,1.2355044421759
0,1,1,1,0.589138945044704,0.391550677432592,2.57123710076533,1.16961435502044
0,1,1,1,0.615930800421519,0.377455030904887,2.80875032410416,1.1156750445122
0,1,1,1,0.635692377181537,0.373388618824839,2.90675350794275,1.26222519865561
0,1,1,0,0.645054099226072,0.369763541468389,2.79034043160134,1.36139367107174
0,1,1,1,0.664032159364286,0.38617303942814,3.0712236597467,1.24493483484495
0,1,1,1,0.579290679127915,0.380974868738471,2.69208648945339,1.28762815815639
0,1,1,1,0.657306042334795,0.383360024659475,3.15252404883432,1.33244454728046
0,1,1,1,0.642866881951651,0.397034099728551,2.68995025097016,1.22921294717323
0,1,1,1,0.610759894158493,0.396943310968856,3.23913253103294,1.33832142275827
0,1,1,1,0.621702146480442,0.381520075073138,2.9846017959332,1.23933101493089
0,1,1,1,0.775566736834182,0.397834152763523,3.32275653224335,1.16823744673265
0,1,1,1,0.652786452843052,0.368661698884014,2.75244184047834,1.33599203492642
0,0,0,0,0.664891467394747,0.398432388422317,2.70695352864978,1.20224657537049
0,1,1,0,0.69444434485615,0.392011612489322,2.82959064340907,1.05851267761892
0,1,1,1,0.640010825459271,0.399502431540812,2.8481506754409,1.29136006580874
0,1,1,1,0.678843972791064,0.392142327116333,2.92131309356478,1.3849532501187
0,1,1,1,0.627561229689482,0.412557239396749,3.19226171844006,1.23320737322925
0,1,1,1,0.638115744719316,0.399337985560047,3.14339165590222,1.2014253234579
0,1,1,1,0.668651264140851,0.387621314610396,3.11518809759866,1.18537741122505
0,1,1,1,0.664342641910813,0.426363952924976,2.90425792860834,1.33472203371299
0,1,1,1,0.625047095691058,0.396280262918228,2.67628662311981,1.18044220308616
0,1,1,1,0.646070975638748,0.410468673077881,2.85812749239152,1.25869750857156
0,1,1,1,0.665786708930858,0.404965183039872,2.82148413879477,1.28732124963468
0,1,1,1,0.643788248671782,0.36418663782297,2.76785588490369,1.16614847634379
0,1,1,1,0.664786003828609,0.428324220624156,2.87167642187496,1.23160112148542
0,1,1,1,0.622972214640675,0.421315214734412,2.39333336799302,1.1482858965402
0,1,1,1,0.609437278493286,0.419066436934418,2.92750758430894,1.30143354003352
0,1,1,0,0.622242234538826,0.393793530638334,2.794361259853,1.15185116407909
0,0,1,0,0.648035993509525,0.432043686410253,2.79385188268208,1.44934437516716
0,1,1,1,0.677502677762509,0.400218408690506,2.70494043137381,1.26191957327299
0,1,1,1,0.638418743174177,0.364196392520692,3.11890287805967,1.18695110859002
0,1,1,1,0.711195968101901,0.391505518977458,3.02003366052259,1.21598797585709
0,1,1,1,0.671454528716621,0.381383807536628,2.87910925755134,1.23420337959282
0,1,1,1,0.662517545595394,0.37761112647513,3.00193367285247,1.18961788374769
0,1,1,1,0.69238202822258,0.381689171161584,2.87587485670251,1.11879950073171
0,1,1,1,0.667081021785765,0.398632932936362,2.79489722030012,1.29686829219156
0,1,1,1,0.669836931338809,0.407229350524214,2.97579410724762,1.19282495365415
0,1,1,1,0.659094982165573,0.395229803306536,3.03291892418662,1.16895950028764
0,1,1,1,0.680155904466216,0.414035580925671,3.02859845642992,1.3485588145703
0,1,1,1,0.669539349862526,0.36525334331647,2.99256602081554,1.26024395353263
0,1,1,0,0.651388705430573,0.360235647351304,3.02237924288831,1.14215815778071
0,1,1,1,0.621475167484059,0.397485258984276,2.79710958183629,1.25970248711122
0,1,1,1,0.610009199776201,0.392459685945701,2.69631440409737,1.25138696201593
0,1,1,1,0.640889555922667,0.370595967583855,3.02364006140072,1.19395984358634
0,1,1,1,0.60011614972015,0.406686504188535,2.94069266110295,1.30478754330704
0,1,1,1,0.676903216505567,0.418991172718309,2.7791513621253,1.12634044221743
0,1,1,1,0.622393645228969,0.413033627232733,2.63842018949537,1.38965008419809
0,1,1,1,0.622947988900938,0.404979435663396,2.66075589291762,1.2845052863682
0,1,1,1,0.673695681851817,0.395240130429627,2.79570752247415,1.43531395149338
0,1,1,1,0.639713878645521,0.378671208193019,2.86568304448988,1.2680647816004
0,1,1,1,0.665124448714868,0.397133533039034,2.81860039697183,1.14876867971118
0,1,1,1,0.648710842728125,0.411337792658672,2.85966497665762,1.22207848744831
0,1,1,1,0.705104017776582,0.377188935998104,3.08944472880723,1.34252064107147
0,1,1,1,0.668202737061823,0.40358057009015,2.8107615429943,1.24541311414223
0,1,1,0,0.649508039579756,0.36931675169212,2.82779720854066,1.18877658252828
0,1,1,1,0.630305383662245,0.381736916459159,2.78788187037748,1.14529379729224
0,1,1,1,0.610404419831296,0.381693580411314,3.05946973263649,1.18892213936422
0,1,1,1,0.556540359522824,0.357483877183621,2.71219226065146,1.20735424821955
0,1,1,0,0.652060002808368,0.410047983319243,2.95302279246139,1.18128522552699
0,1,1,1,0.662717649249933,0.396905996143112,2.4669609794387,1.31645971827859
0,1,1,1,0.64280015312277,0.393101725333595,2.60257926709838,1.21282399067291
0,1,1,1,0.685556988439613,0.392113436303948,2.78114806224887,1.33261770733694
0,0,1,1,0.645603737190727,0.383375019742898,2.8913579129237,1.28803535140199
0,1,1,1,0.63314600260302,0.394215472378216,3.05303089904149,1.32545985728013
0,1,1,1,0.612499868337324,0.403936208952538,2.78691259914621,1.30314201953504
0,1,1,1,0.661240694562084,0.376790628341927,2.8792546656216,1.41196247274066
0,1,1,1,0.703644805664665,0.387071789949383,3.11747707597732,1.44153747682617
0,1,1,1,0.645105643278447,0.370239785669593,2.80240730666989,1.39955442774399
0,1,1,1,0.644633543486949,0.384544822676533,2.90170081512281,1.35303832656119
0,1,1,0,0.654865405344502,0.381926689245321,2.8652652395506,1.05030016899156
0,1,1,1,0.586144286393255,0.374931185607037,2.95007982681067,1.24664786283273
0,1,1,1,0.703964351161452,0.366498567092055,2.44418253018654,1.16636961126735
0,1,1,1,0.658681964104589,0.385365735183205,2.83051497034161,1.32569475545362
0,1,1,0,0.646646512402381,0.422979552178632,2.90752582599349,1.11812120715912
0,1,1,1,0.689985162347389,0.377174340800323,3.1216123659299,1.24412798554747
0,1,1,1,0.561449339883138,0.375596928824093,2.62576409036287,1.30704877836657
0,1,1,1,0.668954805243611,0.378107074389578,2.75631827872726,1.18542187732424
0,1,1,1,0.708098215368475,0.370377376574753,2.99264299749906,1.14738372257008
0,1,1,1,0.665588480894027,0.396495445584603,2.70220772883926,1.08489112619806
0,1,1,1,0.643521526455238,0.40695375566017,2.85010012467256,1.2009317689834
0,1,1,1,0.651580135687038,0.394579444013398,2.86765954094949,1.22752083896564
0,1,1,1,0.664703329098363,0.378809620701501,2.76618186679869,1.22541935579351
0,1,1,1,0.634607157441975,0.385930360891592,3.01482880855742,1.32723207201999
0,1,1,1,0.672745045965665,0.411934141949852,3.09146535181278,1.28271524536131
0,1,1,1,0.644674197642546,0.388084588395443,3.19349939787847,1.21928900527885
0,1,1,1,0.608382254876782,0.400718735340324,2.85917402944425,1.17924010701884
0,1,1,1,0.675742898207588,0.38596125893791,2.87416896632275,1.16109466218299
0,1,1,1,0.633021407184183,0.383970005548235,2.80550632154414,1.23929074431722
0,1,1,1,0.675004700558844,0.388329420252497,2.71720046452889,1.16910287197678
0,1,1,1,0.654661149163795,0.363982682628039,2.81694019395815,1.32293864344992
0,1,1,1,0.595335172718086,0.386870848370234,3.00145868465091,1.38311573352645
0,1,1,1,0.625652270549409,0.368705799234121,2.70727294966233,1.29139386154108
0,1,1,1,0.61882607741394,0.413000079356855,2.80358673623387,1.33254148214375
0,1,1,1,0.574855368042997,0.390112399269408,2.75421256545757,1.25487503029058
0,1,1,1,0.667419507007401,0.430310122028302,2.45572727442805,1.21774312975836
0,1,1,1,0.641123241665279,0.399505224749537,2.71555191327646,1.32415912964888
0,1,1,1,0.649276680140824,0.404734412102051,3.29278670537283,1.29822190081998
0,1,1,1,0.642117097784926,0.423832472347019,3.25132490207898,1.22656566358652
0,1,1,1,0.670076118414853,0.414967045209306,2.8503816319267,1.35876556917579
0,1,1,1,0.683410338282542,0.39247187184642,2.99899063943488,1.29921385297807
0,1,1,1,0.596729826217212,0.376538986950817,2.86289280775176,1.19617348759982
0,1,1,1,0.599878384238872,0.381937580907022,2.91199562197392,1.20355412700439
0,1,1,1,0.652399847091133,0.384436652917396,2.76638674513356,1.30874969442327
0,1,1,1,0.626544766992774,0.39573251021853,2.83345744950177,1.22812113930245
0,1,1,1,0.673071732635775,0.397923771641127,2.97821194119252,1.22060859963179
0,1,1,1,0.668471661217909,0.394083473776687,2.83395950181511,1.32477112669563
0,1,1,1,0.695254880373756,0.383352094645341,2.79142495070773,1.24182673295011
0,1,1,1,0.59862680581327,0.410891381883467,2.87723664053976,1.33591903788468
0,1,1,1,0.628216790945111,0.398476438955859,2.8908606718455,1.33677625581742
0,1,1,0,0.618000780676196,0.425377923493567,2.60702669241393,1.40426763581511
0,1,1,1,0.665870933499794,0.404532575942821,2.92221369150272,1.26747395191459
0,1,1,1,0.647686487624094,0.404050308925207,2.69088357341864,1.22144433403732
0,1,1,1,0.58407053274262,0.353753150447597,2.75298417249967,1.11957665556846
0,0,1,1,0.680218055430674,0.369281846998032,2.95441757963539,1.24191128679762
0,1,1,1,0.634689751509904,0.383268443205205,3.07798341109125,1.33659011700458
0,1,1,1,0.663170495739813,0.41027324444415,3.0791181717454,1.26884487304271
0,1,1,1,0.729289959251219,0.426095201194669,2.77366981040521,1.22797612213933
0,1,1,1,0.659976023144401,0.389652496880295,2.61345640712401,1.23830637349541
0,1,1,1,0.598361635515816,0.393152685808069,2.55843395815739,1.3128145537166
0,1,1,1,0.593575270549785,0.3832706000194,2.76733727266111,1.32719016386947
0,1,1,1,0.607525301308363,0.383029647392337,2.84394601618028,1.40984267368967
0,1,1,1,0.639658692037705,0.399686313038319,2.91164969357933,1.2943588484595
0,0,1,1,0.632612503647129,0.403139793941286,3.09978198308492,1.15194435017424
0,1,1,1,0.623905451487034,0.408543822646871,2.77192525293978,1.21143210521354
0,1,1,1,0.630170201890136,0.39327235731615,3.05524356621946,1.3982774782058
0,1,1,1,0.642000925729016,0.37948280917237,2.95236437420684,1.22766374760131
0,1,1,1,0.658959530255069,0.37081711180514,2.79037090957518,1.31860135404821
0,1,1,1,0.698023677146524,0.423348902483012,2.85598784934277,1.24039481628544
0,1,1,1,0.629708255896054,0.408417524847345,2.84751768968947,1.2124443161718
0,1,1,1,0.63689319824371,0.370476719021977,2.59202898883823,1.3743721936897
0,1,1,1,0.656340085178617,0.364630753374704,2.84169471160131,1.26885146384249
0,1,1,1,0.627553148991542,0.411462244841433,2.9611278439246,1.3034136412151
0,1,1,1,0.647732695502464,0.353202058280344,3.00090959379905,1.20113578281387
0,1,1,1,0.615743187606161,0.3822811851053,2.95308358013186,1.2473604550454
0,1,1,1,0.629612255853155,0.392798473839238,2.78947784852646,1.18704571439222
0,1,1,1,0.710001101893571,0.399422917093644,2.74299082794647,1.32681806347209
0,1,1,1,0.691914116728983,0.380888954843551,2.66617943360978,1.27925239568304
0,1,1,1,0.645299089131114,0.419676063579842,2.85018108153296,1.31461520583594
0,1,1,1,0.652700894216908,0.405370300890448,2.84107483347095,1.18261032173229
0,1,1,0,0.655528948878944,0.408507546971229,3.26828455561621,1.157656329261
0,1,1,1,0.706859516817525,0.39513636866668,2.94573275355516,1.28645607826393
0,1,1,1,0.617877221678062,0.401553184506457,2.91151227027943,1.2623741577305
0,1,1,1,0.607964708390466,0.378022781015876,2.74482361058504,1.03184728194937
0,1,1,1,0.658038479646259,0.411644582182261,2.86359107810235,1.30283856799196
0,1,1,1,0.672053357440991,0.378586125002429,2.53243896497036,1.22942779527723
0,1,1,1,0.693614969272748,0.351970248011022,2.9833725616326,1.10768501994064
0,1,1,1,0.680880313562283,0.391076073681788,3.0764610272901,1.16253843814101
0,1,1,1,0.628726961324607,0.349637762114551,2.67049399040416,1.31759886496253
0,1,1,1,0.63632404152695,0.378261330447594,2.77131787097112,1.42034700436642
0,1,1,1,0.6404632207504,0.37743247785843,2.78688123248035,1.17871014445033
0,1,1,1,0.616042101636492,0.401530998343078,2.56892645526213,1.17490121421294
0,1,1,1,0.641766109579271,0.39107718320755,2.68235585329949,1.22537887261797
0,1,1,1,0.660380053036079,0.396913778890745,2.84651546692743,1.13997077341851
0,1,1,1,0.619681203236006,0.383615610845585,2.77527250917066,1.28207580218897
0,1,1,1,0.654138795072788,0.370161295673185,2.78446861683897,1.21432615597276
0,1,1,1,0.596038280559747,0.393786949710076,2.67604928485405,1.28867486671661
0,1,1,1,0.642291865681411,0.403657670512542,2.79723403477957,1.21939871109829
0,1,1,1,0.643494677129361,0.383655496568822,2.49966498012094,1.23434521182245
0,1,1,1,0.641324433835333,0.415322709102853,2.88453250726937,1.23791705925248
0,1,1,1,0.629054198758137,0.382275808932415,2.67969914111515,1.22481922044767
0,0,1,1,0.636466328161686,0.343325504451789,2.85656532817613,1.47996666051057
0,1,1,1,0.669986305371907,0.402789667617115,2.99883534444171,1.24724337646462
0,1,1,1,0.625667245877064,0.404328285515002,3.07357287202296,1.30073361749486
0,1,1,1,0.636593723534016,0.388172813728993,3.23536985734791,1.37539104660109
0,1,1,1,0.678977181488351,0.386748453997637,3.08392960593762,1.20491513749543
0,1,1,1,0.717305740974847,0.372356782360405,2.95813448564828,1.21994684357641
0,1,1,1,0.603596153047092,0.375464422765905,2.81248083484509,1.32347341896102
0,1,1,1,0.615091310731895,0.394592591527721,2.70554620152781,1.36893524865419
0,1,1,1,0.648246636236606,0.402388757279931,2.89837206053631,1.1924751334196
0,1,1,1,0.674925624189225,0.387425777766718,2.8742446557573,1.19250391593984
0,1,1,0,0.605977717568083,0.429233477764367,2.8311634484387,1.1320517034439
0,0,0,1,0.619327794528155,0.386062779470926,2.54795663441124,1.31199439115603
0,1,1,1,0.596431887916433,0.412235987957185,2.74585626970949,1.19940617479985
0,1,1,1,0.685585375929235,0.401402595543095,3.01784718155357,1.33534992906125
0,1,1,1,0.683599490735044,0.396706585138299,2.96905329558873,1.18950099510284
0,1,1,1,0.693809084900115,0.395660487095109,2.75517280001523,1.23739708219681
0,1,1,1,0.661383821478599,0.404451809303577,2.90999929169881,1.24091578214791
0,1,1,1,0.67212062990006,0.391399631907579,2.84847566176205,1.38933696271432
0,1,1,1,0.65437993672327,0.374587651510903,2.78373483998385,1.16975691200021
0,1,1,1,0.665569839628232,0.369454417667523,2.73162266851899,1.17534612140776
0,1,1,1,0.599693777403548,0.394937217779005,2.779565723445,1.27001556570919
0,1,1,1,0.602932292694471,0.412081709205211,2.84068737375276,1.19746962681367
0,1,1,1,0.704898674013752,0.374205761033985,2.78836476772939,1.25648136785488
0,1,1,1,0.591553335971649,0.394056567321616,2.38758347099156,1.09937828216768
0,1,1,1,0.636231648822522,0.363843264878031,2.82026104793043,1.37087224385473
0,1,1,1,0.600304259019654,0.401801945327845,2.54502997155137,1.28746123256073
0,1,1,1,0.658702834599856,0.40048644858954,2.84690251412243,1.16929671009163
0,1,1,1,0.63438585783231,0.39099220441996,2.76679141825141,1.37520592543922
0,0,0,1,0.65749288663544,0.404898509460391,2.69895923708939,1.29457149409544
0,0,0,1,0.633639652188957,0.360073223619961,2.87222348095915,1.22037142061524
0,1,1,1,0.669117655342154,0.404593205434217,2.76515900526061,1.14612015100605
0,1,1,1,0.603592233491295,0.359959010659362,2.7126134178703,1.2251169478843
0,1,1,1,0.625684386763104,0.408046337055851,2.89619470453531,1.30390149742754
0,1,1,1,0.688025757414675,0.40812505321302,2.8853789465093,1.17285125527756
0,1,1,0,0.60193929663671,0.40006244938814,2.90898188694175,1.08940868035471
0,1,1,1,0.710732440621266,0.409476684973401,2.95671705143021,1.34265785081822
0,1,1,1,0.608670287229643,0.385185977451877,2.81545187038928,1.13697290410528
0,1,1,1,0.665517381573681,0.398067715385405,2.6540268363354,1.24640502896083
0,1,1,1,0.663572391136957,0.399609821107351,2.91523784886782,1.24914097236368
0,1,1,1,0.660311543532174,0.38193732139405,2.89024028703155,1.31505893389253
0,1,1,1,0.659260682922261,0.373940478175163,2.67824922118191,1.13588474679081
0,0,1,0,0.672546480533945,0.397101115770052,3.01542394267803,1.40569827155077
0,1,1,1,0.616128206629385,0.39270524639285,2.51592240166107,1.25788017550005
0,1,1,1,0.616323633779821,0.41067322869338,2.87277816259771,1.16492685237437
0,1,1,1,0.661098741314153,0.420757232898847,2.91066212790299,1.20952721926749
0,1,1,1,0.624224957272066,0.42675039316713,3.04031046677308,1.23510987321262
0,1,1,0,0.643093199846086,0.388393604871996,2.97944337691864,1.07367102313611
0,1,1,1,0.622119112077713,0.372745004284407,2.61250960522554,1.18304382961622
0,1,1,1,0.615243307632265,0.424319352031758,2.72366807658789,1.24806225591912
0,1,1,1,0.660234883306441,0.379906901473559,3.09196028482911,1.28993205060266
0,1,1,1,0.620580454041337,0.393170536495091,2.86116524833393,1.31915306806846
0,1,1,1,0.657392493690197,0.392284600447656,3.05869428154249,1.27439619950964
0,1,1,1,0.641692367295724,0.358999039007329,2.5903247824794,1.13586730984696
0,1,1,1,0.616593572453246,0.368925405111664,2.78232823445855,1.26611719183642
0,1,1,0,0.655434835409135,0.415841673416742,3.12588691722324,1.21541641685994
0,1,1,1,0.586010236849982,0.381644354284978,2.65303791347221,1.24479001908136
0,1,1,1,0.662892414857999,0.385089144299763,2.79808495640749,1.39755973617315
0,1,1,1,0.630488358172976,0.386555515438633,2.75351749751289,1.18337527189989
0,1,1,1,0.660105512033879,0.382801596846306,2.98631987078788,1.20808431545328
0,1,1,1,0.639631415700515,0.401669518491151,2.82324732156969,1.21064302260404
0,1,1,1,0.670749584660296,0.393035999859091,2.60115635339772,1.13713571301359
0,1,1,1,0.622309104321595,0.381491508389414,3.0956318017687,1.34529937546963
0,1,1,1,0.665145822171406,0.379221844066143,2.83995374959473,1.37282431666376
0,1,1,1,0.624976051485586,0.361174017278974,2.80851940029715,1.09447437574931
0,1,1,1,0.669176062075772,0.393213555074948,3.07823809745677,1.25986906840873
0,1,1,1,0.640155228274063,0.412362517528893,3.11971589556063,1.14653409178182
0,1,1,1,0.648760946740605,0.381678599496183,2.77543120439234,1.19082669958179
0,1,1,1,0.633331809544633,0.358931598037481,2.85170457535284,1.28486422551285
0,1,1,1,0.70752417506961,0.379959359557391,2.94395470507227,1.28119493463926
0,1,1,1,0.60829868811256,0.361214567393499,2.86149343251333,1.23725092170646
0,1,1,1,0.615623378876741,0.383587652647183,2.88200562264945,1.24253490738503
0,1,1,1,0.657374620992555,0.419766236248576,2.58070236034328,1.33463896027601
0,1,1,1,0.67183780782486,0.38931861100696,2.62366968184021,1.1773424765281
0,1,1,1,0.72810307635478,0.404774237438075,2.91784189173641,1.24357947536725
0,1,1,1,0.626314849342723,0.395336194252454,2.85259714628708,1.32634127249722
0,1,1,1,0.615078403998599,0.409938429033747,2.96343418370491,1.26777214226007
0,1,1,1,0.587977763914201,0.395630618916248,2.73626079675502,1.41597680732523
0,1,1,1,0.626264858222513,0.406707628183767,2.82389326601068,1.25860426142132
0,1,1,1,0.646429706649148,0.401004051265797,3.11739744778137,1.27823647410866
0,1,1,1,0.611145762355028,0.411537806072687,2.73351647924779,1.20298898730908
0,1,1,1,0.665297790397316,0.371109169386664,2.83343199528526,1.27617503144832
0,1,1,1,0.593167955498086,0.403923794402559,2.98098396200213,1.22868198291028
0,1,1,1,0.62517430113581,0.394858278110463,2.79903467307487,1.1538877333652
0,1,1,1,0.631974249189726,0.39144539476746,3.01669152698207,1.22302619876622
0,1,1,1,0.643887584117569,0.395105697507066,2.89108694889796,1.43935201953107
0,1,1,1,0.664477225259679,0.409940333687299,3.08690572713128,1.62985088786024
0,1,1,1,0.577022944992611,0.372790349564263,2.82915327180415,1.21799044710428
0,1,1,1,0.627074986092773,0.401185687627601,2.82028849638802,1.17342596939269
0,1,1,1,0.619724535313614,0.414663781602655,3.06122460709926,1.39007932695501
0,1,1,1,0.717084863062382,0.401522374381488,2.92077021586528,1.15658205699038
0,1,1,1,0.619493432809192,0.409130208596752,2.72675301723951,1.20556559074308
0,1,1,1,0.65184838799054,0.387461397651282,2.72680972735642,1.34152327802941
0,1,1,1,0.681526899903627,0.39245996337879,3.0378821540248,1.25498477661224
0,1,1,1,0.630189224499907,0.403857414026184,2.89289994323369,1.18198759248867
0,1,1,1,0.63733484342737,0.392406240777962,2.73171461032154,1.21690863340192
0,1,1,1,0.641549044474654,0.372078824689774,2.85186701264455,1.28735705285525
0,1,1,1,0.625157820031294,0.364436430272236,2.8596046216508,1.27927552647411
0,1,1,1,0.632381223340594,0.386643408688448,2.72795613700254,1.35908909060396
0,1,1,1,0.701252305173891,0.406457794384542,2.89001347127077,1.2401222312955
0,1,1,1,0.66022485454485,0.382893406093894,2.85448263390318,1.0375166805104
0,1,1,1,0.59051566275993,0.37677859336078,2.5414351419351,1.32263112886963
0,1,1,1,0.645641400070373,0.393555912150697,2.55604425360815,1.33933068394165
0,1,1,1,0.726179654930242,0.406694136502626,3.04789844729729,1.32467153311227
0,1,1,1,0.620429340254524,0.399057060798967,2.75316224831308,1.14397578791453
0,1,1,1,0.666682721599086,0.402167812838942,3.07641585757559,1.17020402528028
0,1,1,1,0.646493843796511,0.388716975377713,2.91239346408629,1.24739371328586
0,1,1,1,0.603113007582445,0.398786566937237,3.04975577718456,1.09263619049065
0,1,1,1,0.635818553624113,0.384028040165825,2.89143254651695,1.25430668723095
0,1,1,1,0.625808217200379,0.378473609168363,3.06676438923259,1.21866529243291
0,1,1,1,0.657122795877823,0.405077825801798,2.82910765197692,1.4803223026214
0,1,1,1,0.631134512612688,0.391324543424147,2.70835039075618,1.21346010608434
0,1,1,1,0.636671993689607,0.360916117581263,2.85055150083235,1.20712802553922
0,1,1,1,0.666894127325782,0.399392008233498,2.99212407096302,1.37404979573523
0,1,1,1,0.659297928458274,0.386999843513077,2.96525658115398,1.29206555977339
0,1,1,1,0.666858152738101,0.373528764263147,2.52871698890824,1.06817576560098
0,1,1,1,0.65929378908666,0.39239211358559,3.03132236242532,1.2070210135398
0,1,1,1,0.679249763351454,0.365963538583852,2.65252095576596,1.23945906653397
0,1,1,1,0.585007960836676,0.431464884203363,2.98769322849906,1.21827204466683
0,1,1,1,0.636648584634451,0.400053729210272,2.9595127667223,1.13662146210735
0,0,1,1,0.649833723729774,0.395574532191281,2.8552336553031,1.26557888571769
0,1,1,1,0.65023755189765,0.399424420388556,2.95687700280407,1.34572873068061
0,1,1,1,0.649409357233116,0.380147400869902,2.56414549749396,1.26712701653636
0,1,1,1,0.6985984042582,0.379739020551259,2.82898191057724,1.39414259749878
0,1,1,1,0.677099265956857,0.402590521661378,2.8486432441766,1.3789004051204
0,1,1,1,0.63178298914402,0.396112551655092,2.62185921376154,1.21312513377342
0,1,1,1,0.59001752831305,0.40023264786074,2.93081923890286,1.2994205964017
0,1,1,1,0.653822668452942,0.405586925616253,2.68270591613292,1.24181309856096
0,1,1,1,0.713927111911014,0.386227917535344,2.93010239444514,1.27166289835462
0,1,1,1,0.70203987193995,0.412905985435759,2.80714796714289,1.23381151578533
0,1,1,1,0.651096624804425,0.388506590935507,2.58245987050921,1.12589069780941
0,1,1,1,0.637201851375578,0.396282396108825,2.92323194451937,1.35631135696982
0,1,1,1,0.572057384178449,0.39671337892354,2.89878003837127,1.32647020094831
0,1,1,1,0.683897029236233,0.395526200710715,2.86541609541215,1.19364276053338
0,1,1,1,0.637478903470772,0.410634399464196,2.88987999456707,1.33453350714481
0,1,1,1,0.620973235811839,0.412557548467921,2.90829285545642,1.24504370723656
0,1,1,1,0.618816130426913,0.381199753365785,2.96237133392251,1.24275816895844
0,1,1,1,0.631033539775089,0.408502836102672,3.00902717656268,1.30126997426026
0,0,1,0,0.617787947724886,0.381961588203927,2.97188048086291,1.36810587057886
0,1,1,1,0.60796091045926,0.37229987715263,2.79407766015669,1.16463689983965
0,1,1,1,0.681710800745579,0.396653527201853,2.88448679728946,1.18199209211502
0,0,0,1,0.623251862277894,0.413221770940066,2.61981494272393,1.24293467145602
0,1,1,1,0.60919234831373,0.399951569614577,3.00507416828569,1.32771804060371
0,1,1,1,0.608018700476232,0.359545138183923,2.79528994848177,1.31965865720226
0,1,1,1,0.645678349166176,0.375054222146133,3.01893117093767,1.22185057844064
0,1,1,1,0.682815643309307,0.387533767154874,2.80649594839564,1.2831794242559
0,1,1,1,0.665567535047212,0.404106803662842,2.64682507413507,1.11850478661077
0,1,1,1,0.596739458101448,0.403070631533339,2.87936202181329,1.24177394505434
0,1,1,1,0.65476096922472,0.414591759017629,3.0331558530559,1.22463813757252
0,1,1,1,0.644201038224949,0.37927158580351,2.60871562544312,1.19790721189174
0,1,1,1,0.644393071811312,0.382327902666538,2.74427922593653,1.19972555933209
0,1,1,1,0.606595921109652,0.395360941000314,2.57452477412124,1.3043485839604
0,1,1,1,0.653826611216261,0.404272797419284,3.04942857768561,1.25327708773882
0,1,1,1,0.669704735726116,0.406574879809391,2.96217747012231,1.26460333510063
0,1,1,1,0.669776744544861,0.396254672279458,2.77401671358163,1.23400223071845
0,1,1,1,0.610628207324432,0.369305191797291,2.79357665224765,1.37110960366271
0,1,1,1,0.636179969476731,0.420144219795755,2.83797673091045,1.17870003388876
0,1,1,1,0.612365891309891,0.391367451071425,2.8160253085558,1.21302222844985
0,1,1,1,0.663831631076567,0.397148318117236,2.93872683569213,1.43467874017603
0,1,1,1,0.612816042074626,0.385140048377757,2.78243456380627,1.19065093997384
0,1,1,1,0.586062596003676,0.412266983805796,2.76474332621887,1.31948961190442
0,1,1,1,0.684931174929954,0.403874726023865,2.73578837377427,1.2937927758477
0,1,1,1,0.655313224260723,0.390088236988313,2.77029745634854,1.23982988418639
0,1,1,1,0.685171912965522,0.371062560200778,2.4759376292856,1.11112416627725
0,1,1,1,0.643065880234158,0.377610840706028,2.73264833852871,1.22001157286332
0,1,1,1,0.66711575389589,0.390408202823475,3.06458950474384,1.25209816690475
0,1,1,1,0.644088875023347,0.376645905086458,2.96375311235974,1.33739443970053
0,1,1,1,0.661545212481916,0.40711333004049,2.95681751908777,1.19161377065333
0,1,1,1,0.623697216918668,0.392692487424137,3.08479291889279,1.34846576395009
0,1,1,1,0.726050095898096,0.387051257731716,3.09031494159047,1.19662505499837
0,1,1,1,0.581721525799411,0.411967285792558,2.62199056748666,1.24042648997533
0,1,1,1,0.676126921831332,0.381644293227558,2.89240029080258,1.19891053267723
0,1,1,1,0.65881063864226,0.370056396121063,2.57957405578484,1.14858490247469
0,1,1,1,0.671100932466576,0.398164034563351,2.98762083268781,1.30459460919842
0,1,1,1,0.662880191691594,0.409298465478664,3.08275932672319,1.29512004088838
0,1,1,1,0.656234411303004,0.364730915330273,3.18369160411142,1.14329683327975
0,1,1,1,0.611708212594761,0.393227351482526,2.72117943777879,1.17358967713101
0,1,1,1,0.663739813590155,0.375591796903908,3.02564089360253,1.26182582033208
0,1,1,1,0.656125820052927,0.389387398132682,2.8876418770553,1.25784289474543
0,1,1,1,0.629908233485238,0.356382500398254,2.98886584208859,1.36827555163054
0,1,1,1,0.659116124782289,0.390081116070578,2.88300956460601,1.37159513179363
0,1,1,1,0.623984176027285,0.41337836745489,2.8737153989796,1.31109255853755
0,1,1,1,0.619991477538898,0.40672971433654,2.89150731134797,1.44291904179812
0,1,1,1,0.617629044009385,0.403911813126726,2.9084147029915,1.16483904997312
0,1,1,1,0.61998002237246,0.385041614036406,2.59208441916089,1.12121720619913
0,1,1,1,0.664400476580393,0.405750816481795,2.86597015506794,1.1102975000687
0,0,1,1,0.653308920124628,0.358193778252934,2.96817602065534,1.28180275130562
0,1,1,1,0.608867392919678,0.382994307684341,2.97578433156783,1.32751092999133
0,1,1,1,0.686531485183935,0.381781251539075,2.76897214864843,1.21924772490988
0,1,1,1,0.59317847363402,0.382953542078021,2.89338891134132,1.18003275150003
0,1,1,1,0.635828326331094,0.380450343374524,2.5910355440636,1.19562910865952
0,1,1,1,0.622420142071251,0.419541724659152,2.80730787739885,1.31469216136827
0,1,1,1,0.635823839674092,0.398644096822173,2.90703231855832,1.29831283170816
0,1,1,1,0.671768297523835,0.383575865777545,2.60855149764951,1.25112468526441
0,1,1,1,0.62167959151828,0.367582054233748,2.78885602096407,1.16183612810962
0,1,1,1,0.62407013953354,0.388385374503147,2.71059479347329,1.32090317740613
0,1,1,1,0.63884116508998,0.388756917976517,3.03449660506023,1.4242531627038
0,1,1,1,0.647190942077354,0.390100669621322,2.70319455400274,1.17608999499177
0,1,1,1,0.63770283615639,0.394644474265725,2.92386448933657,1.22453695322174
0,0,0,1,0.673688133363243,0.373721359562744,2.62497302611576,1.16200575729677
0,1,1,1,0.618325754555244,0.381740129477439,2.92065413640174,1.13269538032807
0,1,1,1,0.674321944889045,0.388879685410077,3.07408762332276,1.31157244215605
0,1,1,0,0.665466320212078,0.370440277096079,2.70219262795136,1.07967748493041
0,1,1,1,0.585806279424851,0.377099750180348,2.65898338198715,1.20636103837186
0,1,1,1,0.644303700202517,0.374636390482625,2.7463876374178,1.12145658323008
0,1,1,1,0.605028869171687,0.416246383982774,2.69001293358801,1.26149785168351
0,1,1,1,0.67098220650435,0.357576169494142,2.79371018474366,1.28018191179848
0,1,1,1,0.685547682963753,0.425938139979465,3.06947395863511,1.20281089857692
0,1,1,1,0.634864256105918,0.40222541768352,2.77555582722655,1.19266188407316
0,1,1,1,0.634411838331339,0.3705839011241,2.73159683068158,1.27919377092241
0,1,1,1,0.605350175737179,0.370648076775175,2.95528472908607,1.32911445459013
0,1,1,1,0.616962294421946,0.349394869002945,3.05069294524354,1.08196240498217
0,1,1,1,0.66516998145584,0.358692666086926,3.02697447798455,1.2348761585222
0,1,1,1,0.595718542772582,0.383633495210077,2.95213182831223,1.1819427283843
0,1,1,1,0.648413997507904,0.357688076269156,2.64012877264068,1.13520256587704
0,1,1,1,0.617128837853687,0.391956172208995,2.5445119691435,1.16360196476008
0,1,1,1,0.675744652961733,0.381579487959706,3.01175290000517,1.35674977211545
0,0,0,1,0.678518640696614,0.367479336369363,3.05868681580595,1.29628859137752
0,1,1,1,0.676919092069866,0.388692193339771,2.78869664097654,1.14852687115046
0,1,1,1,0.632510781117447,0.371336023646018,2.76671487184136,1.27882856912309
0,1,1,1,0.630181278589501,0.391862771838826,2.85428303633333,1.28288436599452
0,1,1,1,0.596636232619407,0.401432229591926,2.6758188171147,1.17546750597479
0,1,1,1,0.674991322831278,0.393412660937388,2.71038016366867,1.31127073008149
0,1,1,1,0.680491105993684,0.380220916864673,2.82088292046119,1.12630567660903
0,1,1,1,0.664027595757421,0.390435528065296,2.82474123851049,1.20883794811619
0,1,1,1,0.647728386844875,0.403424794148917,2.5817906378839,1.34595938411299
0,1,1,1,0.603378972686105,0.406368073366312,2.89657940637141,1.26087413405617
0,1,1,1,0.683158934471978,0.405112595133948,2.74061107614089,1.27551980308367
0,1,1,1,0.593289454452382,0.384881510877272,2.6783951821783,1.32413933389038
0,1,1,1,0.674133849001398,0.401319367360141,2.74019340175634,1.12478550448972
0,1,1,1,0.641778196442054,0.406388066118961,2.70068882214018,1.32860945334454
0,1,1,1,0.676076354555211,0.37820158830535,2.91237247951477,1.24514650211153
0,1,1,1,0.626648601963559,0.407727034715671,3.03375315578346,1.217883302347
0,1,1,1,0.690197570222785,0.393861034377097,3.06998765838357,1.29790803764091
0,0,0,0,0.643630716448189,0.361892275947333,2.61096649570131,1.10934445274069
0,1,1,1,0.61139706432954,0.385142797208582,2.7616768336326,1.2289125338062
0,1,1,1,0.648385744684831,0.362760539627867,3.13966380835942,1.36783467823603
0,1,1,1,0.675408670843293,0.397696034573747,3.1395501973131,1.30533820824533
0,1,1,1,0.710607388879613,0.39664796829722,2.88889802009597,1.11979191454114
0,1,1,1,0.679087666371132,0.38602462087439,2.90464379882525,1.4369710248872
0,1,1,1,0.655186718727573,0.394450944081345,3.00225393984672,1.28089406759717
0,1,1,1,0.6836971057165,0.411174562805126,2.84821260246568,1.2827247561778
0,1,1,1,0.630325152213038,0.384055219475204,2.62805276548575,1.14651640596264
0,1,1,1,0.647637764519013,0.39091393218626,3.05795090785588,1.51006440082167
0,1,1,1,0.591719276920288,0.39108844767986,2.89922545374884,1.33865628032774
0,1,1,1,0.661219551795133,0.391229317576158,2.98700590297237,1.2207645524238
0,1,1,1,0.627135364693516,0.387811755868888,2.85478887595142,1.34460951984193
0,1,1,1,0.667857566535286,0.418873920566487,2.80926601331689,1.31101392496241
0,1,1,0,0.681347758157886,0.380761152141144,2.80290008433604,1.03012665988786
0,1,1,1,0.687739496551088,0.369228558927451,2.8747885352527,1.28829195247171
0,1,1,1,0.664181178030444,0.406763140669415,2.94743962634385,1.30548775283327
0,1,1,1,0.723191995970599,0.394100887483933,2.99263861106099,1.22874919484899
0,1,1,1,0.635377496513467,0.394263985006527,2.83888044277666,1.32112547731957
0,1,1,1,0.661482716456557,0.369838794963613,2.67301519257687,1.26684603904479
0,1,1,1,0.660795582113296,0.384660813039379,3.03685610599145,1.30799371127947
0,1,1,1,0.621209557861013,0.394177285658622,2.64494175748435,1.17534444925689
0,0,0,1,0.650786752942375,0.372676933450254,2.67617284949218,1.23264347303062
0,1,1,1,0.624935728009703,0.390383752948878,2.69601224154339,1.33720558780826
0,1,1,1,0.669769435314874,0.389888376809188,2.74483692603068,1.3433470113123
0,1,1,1,0.689029630349785,0.393518417342106,2.62252330424084,1.21743650821447
0,1,1,1,0.618827834965775,0.381009896424093,2.71381675177649,1.38901704589333
0,1,1,1,0.665746528981606,0.397197595779823,2.56641297479336,1.24377281489053
0,1,1,1,0.642158137210279,0.387546022216121,2.88972257814336,1.25258521390333
0,1,1,1,0.615381745077387,0.380705883792814,2.90447568668725,1.13368315954897
0,1,1,1,0.586309754487881,0.378589870897645,2.73377179581656,1.30580382738069
0,1,1,1,0.620100140661949,0.394806229143001,2.9186142348737,1.20439411134328
0,1,1,1,0.672966204061109,0.431024724467001,3.08101959863147,1.36789650724097
0,1,1,1,0.662046741901387,0.375722458862418,2.80644807229005,1.23689061661277
0,1,1,1,0.633223699025101,0.364648481774778,2.90851222219909,1.28887775247107
0,1,1,1,0.677240509738285,0.39844020983577,3.2018748390831,1.22922395861004
0,1,1,0,0.588590089914834,0.399889191338132,2.57568651977244,1.57885390781152
0,1,1,1,0.731088237587559,0.408390447024125,3.25762164768873,1.26327179007477
0,1,1,1,0.649355796201952,0.35025111001562,2.87973725794624,1.16950571001177
0,1,1,1,0.669844393137667,0.408136317012088,2.74060279505697,1.31152820186025
0,1,1,1,0.626381878628152,0.40469625966661,3.10894277132093,1.18284748663829
0,1,1,1,0.665286503701978,0.413828895577159,2.65142598658273,1.1179259360922
0,1,1,1,0.63220470878644,0.399558055718291,2.61512593619185,1.18962578116636
0,1,1,1,0.615936294776613,0.410372472124753,2.72807503186758,1.30794586289928
0,1,1,1,0.68751193507767,0.400127895173507,3.23177257497085,1.2514040358952
0,1,1,1,0.63590025820478,0.394898057301388,2.83748657059878,1.14015137512558
0,1,1,1,0.650177416110031,0.408121310819003,3.07664919271929,1.24383873554038
0,1,1,1,0.636210472313284,0.394054552533824,2.6481477180515,1.20972132652505
0,1,1,1,0.636735244774446,0.376482253151831,2.64494434363829,1.09610774888692
0,1,1,1,0.629008928422877,0.427965430623575,2.89966531369179,1.35947792658612
0,1,1,1,0.666939102169101,0.386125906097021,2.918102302757,1.1609058637361
0,1,1,1,0.655462214796141,0.378539390159554,2.94782525691512,1.10732791015199
0,0,0,0,0.608173807408239,0.411065111671622,2.82994289515853,1.16003794772772
0,1,1,1,0.619324888594816,0.372196305648347,2.92220722088199,1.13373185739022
0,1,1,1,0.696084279189026,0.388015228559397,2.9755677047688,1.37503130272062
0,1,1,1,0.700980663829214,0.380900794005194,3.00846255217246,1.36830575634975
0,1,1,1,0.652881750161136,0.383735266561157,2.80129289943852,1.14930305751105
0,1,1,1,0.631722551372329,0.397757266735016,2.90351589505657,1.37879744000399
0,1,1,1,0.663502955166513,0.394535613142455,3.06635547641889,1.28997426214848
0,1,1,1,0.639922190722123,0.402741771633147,2.96041528806487,1.20513889661411
0,1,1,1,0.631190281353502,0.392671226289682,2.6805372373549,1.22679250488266
0,1,1,1,0.640031628813794,0.37824241124741,2.64220737850018,1.36747391035237
0,1,1,1,0.614203880000664,0.395314002192396,2.98260594123803,1.25306045185414
0,1,1,1,0.578563854515944,0.394089152379534,2.65178974880496,1.27405250966263
0,1,1,1,0.6679971499008,0.379826118054495,2.68161344556971,1.18052293472446
0,1,1,1,0.581338041344797,0.399186385863823,2.70497564383028,1.31962149381508
0,1,1,1,0.674503042346649,0.409164464036202,2.58457846559483,1.30705324355639
0,1,1,1,0.640445216674626,0.389565163961882,2.85829828149866,1.21868113857789
0,1,1,1,0.665624411976397,0.367649459330081,2.94485164860484,1.16170393790896
0,1,1,1,0.676621483064636,0.368050320593069,2.67838676136731,1.26811197657839
0,1,1,1,0.619553414877197,0.397981129716693,3.00826095363728,1.43750569927414
0,1,1,1,0.632555144334741,0.393934691826961,2.78492730457694,1.26885752323015
0,1,1,1,0.643556173691489,0.38094597274068,2.79603613278877,1.26613729484277
0,1,1,1,0.625407492866476,0.410284820586233,3.20261533268008,1.23759254277348
0,1,1,1,0.663496601134254,0.390123581858654,3.33395600246948,1.17334373271891
0,1,1,1,0.654073272372165,0.376492034010533,3.01195366112899,1.40851921327852
0,1,1,1,0.637373150031711,0.394687790353507,2.78756154724394,1.25008965060278
0,1,1,1,0.630739494546767,0.38347772090036,2.59493475885226,1.23445107920357
0,1,1,1,0.573366616820535,0.376312070753516,2.87184044022839,1.24762312558388
0,1,1,1,0.635917364502101,0.386291549454315,2.74346264942785,1.14200031348757
0,1,1,1,0.661301441460746,0.387463248060776,3.08398577831094,1.18780118920247
0,1,1,1,0.65721002108671,0.371524801469533,2.65628841485592,1.0860480205921
0,1,1,1,0.638424491629135,0.403887523565197,2.82377563968453,1.24151145175899
0,1,1,1,0.599055427201891,0.402653804529991,2.99338714350425,1.28619706962073
0,1,1,1,0.658471900580425,0.381207383467585,2.7062018216166,1.20479072573151
0,1,1,1,0.735390406142977,0.366279590139532,2.92459419417096,1.25228824170535
0,1,1,1,0.661580821687481,0.399288807332504,2.82010435627884,1.17893436342765
0,1,1,1,0.666502223496781,0.418144687197024,2.90345845457713,1.2018930068253
0,1,1,1,0.608308604040665,0.369865321387324,2.88302961329851,1.27981448797984
0,1,1,1,0.679560581405204,0.373546382478163,2.98850091409541,1.26941004194273
0,1,1,1,0.651112042849457,0.412905772453021,2.71302243293966,1.28315961186967
0,1,1,1,0.609531992742951,0.401496784510983,2.95319413230868,1.27793534571587
0,1,1,1,0.646547551363156,0.375157689037873,2.83197904537287,1.33105318187727
0,1,1,1,0.677583716717835,0.394907578513109,2.65136728203731,1.08558071779074
0,1,1,1,0.590214546183838,0.393258203440674,2.62432818611294,1.29550925582676
0,1,1,1,0.635106572222721,0.407408337047067,2.95139680695821,1.36621499765431
0,1,1,1,0.696808973524811,0.416615966148723,2.94599436655233,1.08822809396374
0,1,1,1,0.586955779630085,0.382708208690228,2.69161329212748,1.2693716177923
0,1,1,1,0.604162419528451,0.397636374783181,2.56574296639711,1.09795642919895
0,1,1,1,0.667628888278013,0.396363020116713,3.14111059550411,1.21473141236591
0,1,1,1,0.66182048685466,0.389522990578869,2.95736289767367,1.28818675206707
0,1,1,1,0.677542125078499,0.368743084541623,2.7663919631257,1.30641140931917
0,0,1,1,0.67027465141988,0.393858589386361,2.94729495492564,1.26763566160087
0,1,1,1,0.64508623368176,0.388796491319049,3.10523637160531,1.13213491845174
0,1,1,1,0.702455338867546,0.383587619032931,2.70743505870824,1.34455296803154
0,1,1,1,0.662751588619097,0.386919496245175,3.06538174011261,1.20749962020738
0,0,0,1,0.712200466466265,0.385692208533059,2.81999446811146,1.17845112233254
0,1,1,1,0.631673543323839,0.380507189156338,3.0498881758258,1.17435052596095
0,1,1,1,0.638100682545406,0.384128975546547,2.75607814928503,1.3781560227548
0,1,1,1,0.608681736853832,0.397521013228753,3.18908040284717,1.35992710197207
0,1,1,1,0.65515779807568,0.374818594803905,3.10449640340504,1.13783753777024
0,1,1,1,0.647590250200735,0.383415787070557,2.6928774444673,1.18986261587731
0,1,1,1,0.608449762697253,0.414661539386316,2.8917715519033,1.2076085295389
0,1,1,1,0.660314410960511,0.371161164050468,2.674140951806,1.1255302975346
0,1,1,1,0.64440364106068,0.429209492556432,3.13241361661142,1.22624320255207
0,1,1,1,0.670872831127723,0.389054008189592,3.01319768473085,1.30969785797456
0,1,1,1,0.605263769231904,0.3984209131914,2.8129200548159,1.2008024733374
0,1,1,0,0.665779943701259,0.393116751658599,3.00736058412697,1.38219118768262
0,1,1,1,0.70807032127081,0.404859698594788,3.04240926562253,1.37785293588987
0,1,1,1,0.684492989191014,0.379004005542641,2.69065501055032,1.14769879299449
0,1,1,1,0.659476552780179,0.392893845574858,2.91936774173021,1.20312010917911
0,1,1,1,0.636694756308466,0.380538465838046,2.85308828413311,1.15700567668316
0,1,1,1,0.67310092215752,0.380184363982126,2.52245588478398,1.13587286645166
0,1,1,1,0.627826342185809,0.38231231995086,2.99807373564811,1.25031577465729
0,1,1,1,0.607018404784377,0.354270726156481,2.81564136068457,1.24342710356313
0,1,1,1,0.620638059885255,0.378632434546497,2.88416293768247,1.20933356794587
0,1,1,1,0.679748692230908,0.432928949994599,3.29019041218314,1.40028724251982
0,1,1,1,0.651981710453514,0.387554066992807,2.81320674236742,1.26909840375349
0,1,1,1,0.616441121942028,0.409112517086696,2.68018530207137,1.23364472211366
0,1,1,1,0.662712483544383,0.385893304840362,2.72689156405142,1.19421865388355
0,1,1,1,0.627987682765112,0.394506465804919,2.78340984647705,1.20462525529141
0,1,1,1,0.689828909274189,0.381833630964196,3.17535444190255,1.29580073938411
0,1,1,1,0.675755624853872,0.409093779661756,2.69474476036225,1.35087504963619
0,1,1,1,0.633633026511113,0.399372283792055,2.88090102454721,1.0654717371137
0,1,1,1,0.605573336559765,0.388905454854201,2.75463706818585,1.27551292362854
0,1,1,1,0.660269921502454,0.399225773934602,2.82412139467324,1.29419595044705
0,1,1,1,0.580796242248565,0.366831888820241,2.99621383823054,1.18892617925851
0,1,1,1,0.62187812366127,0.415280607459263,2.61257466952473,1.08566205634285
0,1,1,1,0.607947636191474,0.404921935570132,2.8579828166349,1.19568204047665
0,1,1,1,0.638578561374901,0.404147864933649,2.88411666516777,1.14261732038258
0,1,1,1,0.655024706285482,0.384075857675507,2.87842094837063,1.30971234780845
0,1,1,1,0.656062044430278,0.427402810272881,3.2052956463694,1.18755368001918
0,1,1,1,0.608417638158204,0.378450836121537,2.91947391914287,1.35321347216693
0,1,1,1,0.612824107923716,0.374533555611149,2.87240952792,1.26971989557475
0,0,1,1,0.671344632327604,0.399949364289341,3.12143713919023,1.19838971201049
0,1,1,1,0.703838634180792,0.386128234156979,2.93020536532585,1.20871858896845
0,1,1,1,0.62495424849055,0.384036957092319,2.76586296517747,1.19009647346341
0,1,1,1,0.677193987174935,0.399193182694692,2.78146733635997,1.23278776371382
0,1,1,0,0.649322358182932,0.398407025738504,2.56769176068576,0.959301164991295
0,1,1,1,0.697423229667776,0.375965697523648,3.01456819347469,1.2252600870863
0,1,1,1,0.683607759685977,0.398906827111795,3.01687406893596,1.31191606096707
0,1,1,1,0.613970094127691,0.396094790105098,2.85130395119157,1.20411351911732
0,1,1,1,0.606852597586033,0.38859751817136,2.78304789226628,1.27970700964062
0,1,1,1,0.667317070679969,0.39939568385802,3.00965610244538,1.31505618180346
0,1,1,1,0.62813995718439,0.363966164572639,2.44247689564552,1.21908910419725
0,1,1,1,0.651261713260726,0.418676495714537,2.90769188910162,1.1978802111237
0,1,1,1,0.654382861882233,0.404843782446293,2.8522938219994,1.28900360606579
0,1,1,1,0.614776579061021,0.377036759215495,2.88822271690877,1.22055035891284
0,1,1,1,0.657725667377331,0.410699474938088,2.79951642468249,1.32302798287927
0,1,1,1,0.64392530479326,0.400202840487439,2.98488592776077,1.23430118616555
0,1,1,1,0.669643721073015,0.379661419998381,2.88790988965839,1.31484319575002
0,1,1,1,0.601450842220267,0.388706254947423,2.92134709253736,1.18593592472683
0,1,1,1,0.668522264396858,0.405241268776904,2.94662311480588,1.29424943755246
0,1,1,1,0.604121588087888,0.360186022762607,2.87469869160825,1.16354107687847
0,1,1,1,0.58709989344367,0.391074793703437,2.86587813913036,1.52800882867464
0,0,0,1,0.625545095393393,0.362710128660478,2.76364478244308,1.18017788839296
0,1,1,1,0.636173654103431,0.396728258492484,3.20369358848072,1.25442892861712
0,1,1,1,0.59947206240318,0.404331101737853,2.77337174597555,1.38904355893991
0,1,1,0,0.708667894051809,0.383603381141973,2.84248644399518,1.25010334440752
0,1,1,1,0.614519486016136,0.419442528519728,2.71537674001944,1.18948511874062
0,1,1,1,0.704082358272844,0.40068262511621,3.0048245346099,1.25517355926391
0,1,1,1,0.668281975752512,0.404627014425404,2.99932068140011,1.25678948435595
0,1,1,1,0.623919369203092,0.38479328093056,2.46101255448714,1.17808441984826
0,1,1,1,0.64514608064293,0.402825165522746,2.85648202545679,1.42943705027776
0,1,1,1,0.640529849703485,0.397541176933916,2.53210250673036,1.21039219686659
0,1,1,1,0.634178088887738,0.385979351594933,2.83136452716692,1.34116088477868
0,1,1,1,0.639348712958615,0.38017283752682,2.77189236002318,1.2623936328169
0,1,1,1,0.610358872111244,0.395677513027003,2.27726181090694,1.14616957855601
0,1,1,1,0.66805715903691,0.392907584997667,2.80642476637123,1.34522359733902
0,1,1,1,0.645218702045241,0.386116012481508,3.01352867716995,1.3962488392228
0,1,1,1,0.692506853511052,0.39657074713693,2.78319067881609,1.17994035472136
0,1,1,1,0.657158303795601,0.408924740851149,3.17667076029467,1.42312239776541
0,1,1,1,0.657859220364382,0.401426882981394,2.79857768091808,1.51487102743225
0,1,1,1,0.651782185068003,0.387869349899007,2.7909486636152,1.15255755695006
0,1,1,0,0.727303531782655,0.373702205344702,2.9406648539184,1.15144871900883
0,1,1,1,0.656827585204594,0.384205010212782,2.74829699128686,1.26692770704732
0,1,1,1,0.589757323564787,0.38883514625493,2.80694870529046,1.3743790071018
0,1,1,1,0.606729745701678,0.387618668263042,2.7247850832462,1.25900534535524
0,1,1,1,0.622861467321744,0.383589080932474,2.85286030175357,1.19387242946476
0,1,1,1,0.646434271609374,0.383221238594742,2.68177163006679,1.33510989701389
0,1,1,1,0.653627530660873,0.386436871351767,3.07787402261179,1.28158004915321
0,1,1,1,0.661106733135964,0.39382768235212,2.94294075324824,1.1824672757773
0,1,1,0,0.687279895273024,0.376428907019316,2.57856861202628,1.04607365166951
0,1,1,1,0.641540469559337,0.42290090033803,3.00676830462936,1.23970474724501
0,1,1,1,0.609356920535553,0.372740741204968,2.66348761625583,1.17837249370094
0,1,1,1,0.679406174666227,0.397598511051914,2.98433864214588,1.12241785493749
0,1,1,1,0.612728008280757,0.420118928794845,2.90685434299605,1.32343445285387
0,1,1,1,0.607863981282186,0.391755290870016,2.99913297525089,1.31203423078481
0,1,1,1,0.676992569809295,0.408029961186355,3.06830168372745,1.15329018154703
0,1,1,1,0.598926634918062,0.362737122122668,2.39495689875254,1.46324464007732
0,1,1,1,0.674531575407205,0.400433948622426,3.08815208647026,1.27600999053238
0,1,1,1,0.677663562140064,0.399781222980448,3.00284032984083,1.2117943955097
0,1,1,1,0.674435331544718,0.408887952161483,2.93491034028433,1.12693989550044
0,1,1,1,0.66286326320528,0.411839296838673,2.952642127911,1.16293435965641
0,1,1,1,0.673675522262265,0.384454845629324,3.07699597803474,1.31889462113986
0,1,1,1,0.665148799339843,0.366545171168582,2.93278947708243,1.18053494836369
0,1,1,1,0.630421123883844,0.373378432890348,2.44316960073395,1.15513558260674
0,1,1,0,0.593056846562073,0.381884427624008,2.99243894728305,1.10729441816641
0,1,1,1,0.613546134945609,0.394459588324833,2.78899649969344,1.28327297164408
0,1,1,1,0.648073407744478,0.403447799035224,3.22990958053622,1.32210343373548
0,1,1,1,0.65318198292582,0.374712232959023,2.61852776904178,1.23387078014243
0,1,1,1,0.629073875040582,0.407120269541767,2.87114320361705,1.34802050791537
0,1,1,1,0.660909302347588,0.379654435536595,2.69531674656513,1.25015913100045
0,1,1,1,0.658987192367625,0.379432798070706,2.76382977974891,1.19047260713193
0,1,1,1,0.657811935392615,0.39316946818432,2.98654844028381,1.29981743488437
0,1,1,1,0.647784937398769,0.360231760699602,3.0303699676767,1.26071671384753
0,1,1,1,0.653635859059462,0.367797776913282,3.12553822343342,1.26931307614236
0,1,1,1,0.680429067608281,0.352941069590171,2.62123122929355,1.28449949328428
0,1,1,1,0.646560300086094,0.394262673349689,3.178452792834,1.38895370911622
0,1,1,1,0.62441799248082,0.383195926347165,2.70468957752262,1.26521347187149
0,1,1,1,0.577197594580134,0.376439153871045,2.58514453418499,1.41467723492947
0,1,1,1,0.629088022699537,0.40388850679741,2.87508632207676,1.26924778661395
0,1,1,1,0.670480311078016,0.399023734411616,2.95543466544257,1.29798366104448
0,1,1,1,0.622478761033873,0.419233552360573,2.65678549365822,1.1744569974022
0,1,1,0,0.62906033691573,0.404785917995791,2.73891335976264,1.10376711671697
0,1,1,1,0.624388922518994,0.381390086106241,2.5029816562175,1.41886598524037
0,1,1,1,0.651522718275811,0.392655282533176,2.93747633191807,1.3469811535442
0,1,1,1,0.668056494917826,0.392176662112782,2.72463342681903,1.29568932612661
0,1,1,1,0.659388563793612,0.381743393736121,3.01504752345312,1.19626829354159
0,1,1,1,0.637312079708495,0.402077558232423,2.99221204833925,1.18577898013382
0,1,1,1,0.699475174181048,0.399103488802889,2.85992213014566,1.26893259045521
0,1,1,1,0.616387985904697,0.397180720032491,2.79064971649629,1.38862794833933
0,1,1,1,0.651833214089991,0.379201323399671,3.19773302344962,1.26848145410447
0,1,1,1,0.633305841897806,0.381963980446713,2.97155681920879,1.18334829946041
0,0,1,1,0.679942778992174,0.39388838874059,2.99732157965347,1.25494361574884
0,1,1,1,0.66762180857675,0.388044979148457,2.34835574415351,1.11181700642124
0,1,1,1,0.610266181934406,0.388772633212803,2.90605062684312,1.14369105841739
0,1,1,1,0.617361951124884,0.392191658555378,2.86965835738298,1.321164348205
0,1,1,1,0.651626175279758,0.392980855360213,3.05153027360484,1.25963109491073
0,1,1,1,0.633093563947379,0.384089957120561,2.78653808579558,1.15780959040975
0,1,1,1,0.597794646656011,0.405820389053756,2.46438795979858,1.3269781301953
0,1,1,1,0.67331856725097,0.412061973305573,2.90715346693781,1.2061720722165
0,1,1,1,0.659404907030579,0.398597697706372,2.89613695578387,1.16423848076227
0,1,1,1,0.616633615577038,0.362646334426244,2.84287569613656,1.2227660310865
0,1,1,1,0.701488455017766,0.400208270274136,2.942438061815,1.35542729688302
0,1,1,1,0.603977723774645,0.392473652103668,2.84438904064129,1.27099510977471
0,1,1,1,0.645683717467238,0.397087398036701,2.88563423328384,1.24295636342882
0,1,1,1,0.631458845806524,0.368616874796285,2.46098743815175,1.10370936536214
0,1,1,1,0.627583867235395,0.409818316303979,2.87417021462817,1.192745841097
0,1,1,1,0.590775228558571,0.378704043457822,2.75184399584474,1.35687356678643
0,1,1,1,0.711928918934248,0.40516867975631,3.15753251529501,1.20502136376011
0,1,1,1,0.683385973060216,0.372193682300054,3.00204070794844,1.2711070845246
0,1,1,1,0.631364109012064,0.424671109731686,2.9349533319604,1.35483076848246
0,1,1,1,0.635907821154379,0.393811666919262,2.73228820276513,1.21885773698149
0,1,1,1,0.641600523252519,0.375302423206215,2.68374406169881,1.08676631930285
0,1,1,1,0.639465659454389,0.422825681650101,3.01401705110314,1.24176094107246
0,1,1,1,0.605001765830993,0.409577867747994,2.75684264832261,1.15590549988376
0,1,1,1,0.63367636617942,0.373969989103682,2.81749260041344,1.10887770997588
0,1,1,0,0.6064380571928,0.37099688431705,2.85568603425037,1.37216259795869
0,1,1,1,0.686477549434722,0.40585484246707,2.86731250309037,1.27064574097132
0,1,1,1,0.60895913178374,0.397882698113706,2.68411632564464,1.31186052813525
0,1,1,1,0.64962644591456,0.411276162184589,2.85201367477412,1.14820571999884
0,1,1,1,0.76320486219768,0.416529460880165,3.13173402570663,1.29512427721095
0,1,1,1,0.626530301701762,0.376432427747467,2.70827742487307,1.33112604605266
0,1,1,1,0.663939422299187,0.381444813358264,3.00579306864743,1.28891008095148
0,1,1,1,0.638325959625042,0.398412873254268,2.67572992935213,1.38772423218823
0,1,1,1,0.672969860137103,0.378480628891398,2.88255982247333,1.21024363617075
0,1,1,1,0.647552096463536,0.374824472836361,2.82129790583453,1.37967195322204
0,1,1,1,0.63255206024632,0.388369515950883,3.21988130410427,1.32466302334273
0,1,1,1,0.65678272132008,0.366280871045639,2.65849357557169,1.33024791291373
0,1,1,1,0.613767883062689,0.360339292447205,2.46355378922095,1.10918182401762
0,1,1,1,0.644480587526663,0.382973317852259,2.63079983385441,1.38915501622638
0,1,1,1,0.647712863162456,0.396159473223715,2.65236878727856,1.43570108771938
0,1,1,1,0.675192718477362,0.376478924646359,2.99707636933873,1.16202984360636
0,1,1,1,0.630392568027455,0.394371742293773,2.84501171209316,1.33286748872345
0,1,1,1,0.618443902759149,0.386804922182954,2.88438082790903,1.22790466821861
0,1,1,1,0.701907253201205,0.403888036535677,3.09663810170336,1.180345447339
0,1,1,1,0.596524831877612,0.441438667261455,2.91260787430496,1.24853998371399
0,1,1,1,0.744930396894415,0.378081839687249,3.35012339911866,1.30695856978012
0,1,1,1,0.652996444516514,0.397022373303034,3.01828413609898,1.31266178050844
0,1,1,1,0.618821600599716,0.404336134317292,3.11197160118527,1.14895323001374
0,1,1,1,0.675272888883282,0.418811922099017,2.94765245595285,1.23941302504944
0,1,1,1,0.633473186465332,0.39174266582351,2.94779968202285,1.25219749323824
0,1,1,1,0.6207501390313,0.348073882781293,2.74223803054761,1.20201004561203
0,1,1,1,0.58961583359273,0.352987891119891,2.62294085940414,1.21062019768169
0,1,1,1,0.636383261442804,0.388324867569796,2.99186622176402,1.22258710682463
0,1,1,1,0.621190667760988,0.381514570752128,2.44552639217398,1.34213966763919
0,1,1,1,0.656921139666044,0.392025843616257,2.78704139742006,1.22627756214357
0,1,1,1,0.653827078588772,0.396401640793398,2.88591203059253,1.24789589633387
0,1,1,1,0.635877957871184,0.408772621473656,2.82377620748003,1.20162744209349
0,1,1,1,0.597732517503752,0.376597448605948,2.85669611567667,1.15487854554285
0,0,0,1,0.696347878666602,0.420783489601704,2.80762969094453,1.13657928801121
0,1,1,1,0.666620020249606,0.376845351236057,2.87525787597608,1.17382176942256
0,1,1,1,0.670568838179873,0.418881301830876,2.74425021445351,1.14974006603591
0,1,1,1,0.656458870914113,0.379237619760302,2.85127905412002,1.19414352966661
0,1,1,1,0.658647472091027,0.393378126250944,2.93648515296327,1.32140534932279
0,1,1,1,0.65096788183482,0.417345527243355,2.78997740153835,1.24759907605406
0,1,1,1,0.662533135815005,0.404047372630553,2.94708517771522,1.17935838898357
0,1,1,1,0.613450283681555,0.389729801884205,2.79111072422573,1.19394074736248
0,1,1,1,0.661805120661808,0.386330346306565,2.85069616211854,1.21788638424451
0,1,1,1,0.622077739521572,0.398287520810668,2.89316535032208,1.28760367606412
0,1,1,1,0.695762872405231,0.400646891773625,2.80506061639023,1.19675570623809
0,1,1,1,0.596439618395789,0.391415351045156,2.76774159178778,1.16634680658995
0,1,1,1,0.578503167772155,0.394678281525833,2.54195037719374,1.18148904857465
0,1,1,1,0.605715952257235,0.388522579928854,2.59496552615907,1.12774439974895
0,1,1,1,0.681102092353621,0.376171617074713,2.99685689360119,1.17674764094439
0,1,1,1,0.596335993773199,0.376326716991396,2.70138709065915,1.2024084908225
0,0,0,1,0.664763650532743,0.370205876620542,2.89709265584806,1.19221764684431
0,1,1,1,0.694285505786276,0.388493420894826,2.71725232183724,1.18418733085679
0,1,1,1,0.62980089327274,0.395423293933658,3.05587919506809,1.21535532531403
0,1,1,1,0.661248086156037,0.394708343259509,2.78936316414584,1.16358503108107
0,1,1,1,0.580962799802109,0.380966716941962,3.19525605662668,1.32631869674346
0,0,0,1,0.603484751099659,0.407225014742401,2.57713710929501,1.17296371441558
0,1,1,1,0.661795772527235,0.397529428355928,3.0172935168221,1.22093192683095
0,1,1,1,0.665476496491341,0.389865821221819,2.90454539132565,1.4624355642826
0,1,1,1,0.619299783271848,0.390388858744563,2.90257901487399,1.43883554855792
0,1,1,0,0.664965927278401,0.403331945068808,2.89524298518739,1.14636512400668
0,1,1,1,0.610701343355591,0.369356954736965,2.54716693545396,1.21682028248165
0,1,1,1,0.674408079100899,0.393832725809512,2.90916947796405,1.316843879735
0,1,1,1,0.649002209596123,0.391811023599366,2.70709538179816,1.41096207970473
0,1,1,1,0.65578220834319,0.410572999127334,2.93242531389135,1.25428459971827
0,1,1,1,0.625470263926549,0.376657874619957,2.79659725283598,1.10335409937187
0,1,1,1,0.65772183616203,0.357008703688646,2.59460002386106,1.30627914801538
0,1,1,1,0.605829846662983,0.40406443743911,2.60361843477359,1.33660518561639
0,1,1,1,0.642586335143921,0.386292363187991,2.5573958975805,1.3331742769079
0,1,1,1,0.589826911362803,0.372400245358856,3.01721798013853,1.29850521141348
0,1,1,1,0.64406518495069,0.415708750921945,2.90189314514403,1.2570839267
0,1,1,1,0.66266515814194,0.372659245178334,2.70359597706499,1.26763053743913
0,1,1,1,0.618459720805818,0.400088823830075,3.09785026957868,1.322887572316
0,1,1,1,0.605718110044557,0.386870962785784,2.80907406212809,1.21903596749101
0,1,1,1,0.634451387693216,0.389681612238157,2.51714980080009,1.38906113751723
0,1,1,0,0.694653395497208,0.411843694776377,3.01334874560407,1.31317011177942
0,1,1,1,0.638063390852854,0.387910890127383,2.86340329855098,1.24940649014858
0,1,1,1,0.619862339215339,0.392512000947105,2.88198712865337,1.27192949576776
0,1,1,1,0.655834356686913,0.383781409630399,2.92972895509529,1.23797838143385
0,1,1,1,0.668330241888533,0.382484376159139,2.79214190388832,1.07503364839148
0,0,0,1,0.675316842556905,0.396252781366702,2.92283929115597,1.37785287237656
0,1,1,1,0.605407978115113,0.384541332822363,2.49286006432671,1.11552902840472
0,1,1,1,0.697419981024017,0.383364410582125,3.04342107041258,1.30223537705262
0,0,0,1,0.626981615930504,0.38896212740762,2.43779333173979,1.08024062729277
0,1,1,1,0.633732657680429,0.389683650321673,2.89226778052189,1.20345805229613
0,1,1,1,0.579632981605465,0.375968516788137,2.6074303650833,1.38557550021425
0,1,1,1,0.655364818738403,0.373770589742619,2.5893789357859,1.11907509077895
0,1,1,1,0.707698777423547,0.402073181899027,2.98272286083858,1.20452529726327
0,1,1,1,0.656878338267807,0.410397733347576,2.76445139156072,1.36204994266196
0,1,1,1,0.682825017757963,0.379631989818473,2.85341556365856,1.39030274054811
0,1,1,1,0.635411480737516,0.394685924462491,3.08942729548325,1.27359455242563
0,1,1,1,0.646048287003802,0.389241504999428,2.92592179913221,1.222401485888
0,1,1,1,0.618934419548044,0.376262709139176,2.83700221804349,1.20642822789127
0,1,1,1,0.626919313014755,0.401952301760021,2.7757930052769,1.12337931658656
0,1,1,1,0.644155098956427,0.385227946906517,2.8141837330776,1.17337292764425
0,1,1,1,0.652937345049293,0.376728000849335,2.57138954025535,1.34923285640534
0,1,1,1,0.657228506948525,0.409285972864626,2.79296287720928,1.1747072522025
0,1,1,1,0.67629529721388,0.37723757110387,2.76236776956064,1.39344440123064
0,1,1,1,0.659545611436742,0.419166512241792,3.05814626615054,1.28499144889538
0,1,1,1,0.637789342966414,0.394189567657734,2.99684515992235,1.09847885656125
0,1,1,1,0.664937627251972,0.412211275490715,3.02584270885911,1.26934242542855
0,1,1,1,0.665042578329994,0.424669188898399,3.11894001899892,1.12427826525073
0,1,1,1,0.628411550167733,0.367057214341948,2.58129990648915,1.10441508596794
0,0,1,1,0.684802370807216,0.387298123073435,3.08074369216814,1.21525441837608
0,1,1,1,0.593953415528662,0.372767034660554,2.80939691064354,1.26350995592929
0,1,1,0,0.620737298834448,0.386118437765216,2.71246337851108,1.29166907994441
0,1,1,1,0.628533302937734,0.396867597680169,2.99499821252403,1.27680827042302
0,1,1,1,0.67629714112778,0.398674074511877,3.01977016526478,1.34082926739422
0,1,1,1,0.681532984520674,0.410532511957825,2.72703803985626,1.18359947477817
0,1,1,0,0.635704520164261,0.407564339299575,2.81170572416303,1.13881198181597
0,0,1,0,0.623583593698338,0.382208226741415,2.64021960219176,1.35688467831601
0,1,1,1,0.654999707110795,0.380342471930607,2.60939763747346,1.23368671426706
0,1,1,1,0.632135120421854,0.369042207927754,2.61605176000042,1.31817665995553
0,0,1,1,0.669983871236274,0.385720391181821,2.87085080043239,1.27351076035607
0,1,1,1,0.663638996781395,0.395252228943878,2.89871843436576,1.1891984666449
0,1,1,1,0.623698667955582,0.379302137690745,2.91349715005699,1.28343507819688
0,1,1,1,0.614922038354845,0.397442856838311,2.94255102634987,1.21073670653167
0,1,1,1,0.707617430604551,0.409761203970859,3.03885981819915,1.24463562469163
0,1,1,1,0.641226243590961,0.383198630069364,2.58868594721102,1.32882903141116
0,1,1,1,0.583901906940194,0.406050229592545,2.61272091234145,1.33794075516512
0,1,1,1,0.652681883580442,0.398797947333951,2.88869073375621,1.34351651840467
0,1,1,1,0.61856059006594,0.37809730639007,2.73671297136277,1.14515443383266
0,1,1,1,0.622008382231827,0.398829001768823,2.83937497982677,1.31599561018656
0,0,1,1,0.655619290126356,0.406292822302148,2.82196051229857,1.35048660825743
0,1,1,1,0.654895325042227,0.389459460595979,2.89427385623229,1.20603636511969
0,1,1,1,0.609742637197852,0.375002027380605,2.67304968759596,1.18150189511215
0,1,1,1,0.671829586573277,0.372998766130038,3.11758295452861,1.13820518875225
0,1,1,1,0.696862420496739,0.436190726540909,3.19624367305405,1.25039461862144
0,1,1,1,0.646695674459523,0.3970024549452,2.96910070827995,1.17712896377552
0,1,1,1,0.630115851157237,0.385077531123539,2.81215403325307,1.26110201468169
0,1,1,1,0.673787331478441,0.395431605219722,2.90090298294618,1.22710126558377
0,1,1,1,0.657699570770496,0.389533941239863,2.95146772600137,1.22611312554325
0,1,1,1,0.595637764649288,0.390373988583679,2.87974215236967,1.31758765838988
0,1,1,1,0.643812437998489,0.372874611588629,2.90160650579035,1.18666413562533
0,1,1,1,0.609983925464477,0.427917139437239,2.83628585687383,1.21899735874779
0,1,1,1,0.688550592331084,0.366963342573149,2.80763098291309,1.29603882978429
0,1,1,1,0.645434485143384,0.45292856675746,3.09870617353225,1.34949093328038
0,1,1,1,0.671371355797888,0.372369453284173,2.96699160066248,1.11651854981925
0,1,1,1,0.665420540828424,0.39795651901976,3.02437974022128,1.14894154648455
0,1,1,1,0.682017655916389,0.392990859663531,3.06644279913125,1.26642300034456
0,1,1,1,0.631660170473606,0.400658710501102,2.70875390607819,1.23741731605926
0,1,1,1,0.619875520509975,0.3821630899375,2.53835717323923,1.2518444633964
0,1,1,1,0.62554880873592,0.391305854352252,2.9101896569513,1.18048174568118
0,1,1,1,0.624198733027834,0.373483530652016,2.61093614079128,1.17093883146528
0,1,1,1,0.651546067469713,0.408417471013707,3.04380422834774,1.2025713093196
0,1,1,1,0.643262963204854,0.391362210921932,2.63543603199623,1.36768391757125
0,1,1,1,0.663353430971254,0.389872489748746,2.79565438334323,1.22880729947217
0,1,1,1,0.620662380282644,0.416119205748946,2.94033821837118,1.22040289282286
0,1,1,1,0.626548260614354,0.389905468959569,2.62242946273954,1.30366530707746
0,1,1,1,0.737748411909959,0.40436005504466,2.9175795597701,1.22607795606924
0,1,1,1,0.685821287847288,0.390113866800935,2.85948006736149,1.30211881848534
0,1,1,1,0.642379984393736,0.389657718092488,2.74814663913946,1.19770941706277
0,1,1,1,0.587553801844117,0.355547527919099,2.51498855616605,1.10210422100922
0,1,1,1,0.611647514120656,0.41053908381712,2.85205995332202,1.28832089607104
0,1,1,1,0.615263958028327,0.37451134379341,2.77790828977066,1.18469852842266
0,1,1,1,0.654354966698392,0.395014885153591,2.72655074153295,1.27801778553453
0,1,1,1,0.615361466504974,0.391261957973609,2.82594660404757,1.14063360476001
0,1,1,1,0.623462754842016,0.394743375017365,3.0156357285584,1.19382656024577
0,1,1,1,0.617946594647915,0.398873248372542,2.98878910180134,1.22841931106544
0,1,1,1,0.599863112285414,0.382584093542069,3.12481751575749,1.56713763711938
0,1,1,1,0.633167723162328,0.406706611043574,2.84383689224126,1.31935599902252
0,1,1,1,0.702046184395958,0.421186312523568,3.08969789199667,1.25455172845521
0,1,1,1,0.628879852869496,0.407877217939237,2.70666558341494,1.27690161627598
0,1,1,1,0.677005936899447,0.372732422663556,2.59714309576148,1.29649473970406
0,1,1,1,0.581210985012025,0.408784817817933,2.94259353547845,1.4228361450711
0,1,1,1,0.666378767637308,0.402877185620503,2.8370203624442,1.24812430421834
0,1,1,1,0.646527396429181,0.425559226511496,2.88645821034451,1.24028660302889
0,1,1,1,0.64659944941087,0.409902661844688,2.6106008733321,1.28188695895388
0,1,1,1,0.689480550128878,0.386337066424241,2.7883898360904,1.19821718524374
0,1,1,1,0.629396870177296,0.414359008266872,3.00118645378954,1.29281470116172
0,0,1,1,0.657785595337489,0.409611829222643,2.87567906246148,1.36405063313219
0,1,1,1,0.675411741701212,0.41830538128667,2.71890060882166,1.2492384325603
0,0,0,1,0.65581301389107,0.402262379537434,2.66194462780168,1.21947958047586
0,1,1,1,0.640721976367366,0.399663809648076,2.93512917771096,1.18691195708233
0,1,1,1,0.634728334001636,0.394549313626002,2.82060195217527,1.24119264124256
0,0,1,1,0.674976687473652,0.389307340797163,3.00029981634344,1.13794488540503
0,1,1,1,0.739211029622896,0.395561241129339,2.87306553452694,1.26057580787928
0,1,1,1,0.671726385551759,0.416959651014051,3.26918743995217,1.41294519423697
0,1,1,1,0.654425421604904,0.367974595992935,3.0297201076238,1.15107817643945
0,1,1,1,0.628914402215775,0.414819241471292,2.68756645636258,1.26967328248921
0,1,1,1,0.611047891543952,0.411836604180286,2.82920838792915,1.34310441755373
0,1,1,1,0.647263686433398,0.386438463998696,2.87424177361634,1.22739844582257
0,1,1,1,0.674097147462847,0.400580186237695,2.95843971431578,1.19677897823454
0,1,1,1,0.661834526311995,0.38991562908838,3.11534348797712,1.12449420321883
0,1,1,1,0.657666295083681,0.381825477227623,3.20031870771024,1.1141979277113
0,1,1,1,0.642068813071115,0.37442673383192,2.89408713308522,1.18677042180255
0,1,1,1,0.683073519290013,0.404947457165348,2.94006520452319,1.21963161560627
0,1,1,1,0.66254216760574,0.398921011931252,3.03649347788958,1.30895601229885
0,1,1,1,0.657876039880023,0.391020166691489,2.74265155942232,1.15373645719778
0,1,1,1,0.638870354697656,0.393291666698618,3.03407874560092,1.33008013389477
0,1,1,1,0.658941000733564,0.40847618252667,2.930104299918,1.19565557227476
0,1,1,1,0.681851390883012,0.365916800426289,2.66651183332304,1.23655477546843
0,1,1,1,0.602887503565199,0.383063621326348,2.65791274144143,1.21794404778717
0,1,1,1,0.613322962115236,0.391728049627345,2.95302518248404,1.35208601132093
0,1,1,1,0.648025279670795,0.386763388061039,2.99891081111779,1.26017687498172
0,1,1,0,0.661495619196395,0.408757585587206,3.07173216841203,1.08080134126538
0,1,1,1,0.62348739395634,0.373594478879906,3.01581730216229,1.18481935992568
0,1,1,1,0.685462039485126,0.389603422289869,2.84215743344054,1.38229035601004
0,1,1,1,0.651381424461465,0.386263829668098,2.75744720055234,1.21076398041782
0,1,1,1,0.626640492978199,0.340388218727513,2.68931457716354,1.13383892807931
0,1,1,1,0.642038654663503,0.416198324760913,2.79907838050603,1.42861974655971
0,0,1,1,0.693054045347155,0.367941678326345,2.73550859529834,1.20730743434298
0,1,1,1,0.674869741910642,0.388623042558233,2.62148606151889,1.31089349687419
0,1,1,1,0.5798557257361,0.374712191469114,2.83579572615144,1.26799459675971
0,1,1,1,0.665194023313712,0.391325265449486,3.03754089626002,1.19387136049621
0,1,1,1,0.659271715220458,0.411565573874471,3.02293166792964,1.1819579032765
0,1,1,1,0.638446996375966,0.388882689022176,2.96819626874753,1.25582193723743
0,1,1,0,0.617377496422561,0.379302301014305,2.93648594633874,1.1433181931795
0,1,1,1,0.655175573252775,0.381823192840203,2.67243249364641,1.17538389648948
0,1,1,1,0.584999959571443,0.397760649395387,3.22521138632684,1.30351456890256
0,1,1,1,0.624030817618234,0.363104904420827,2.89928633852512,1.26402950614411
0,1,1,1,0.717390404558948,0.431468009942204,3.14596749743216,1.27594304188678
0,1,1,1,0.61508957203524,0.373317547663337,2.72561433911803,1.3212426378717
0,1,1,1,0.626846130866688,0.414988834887389,2.69067625687298,1.32843922378372
0,1,1,1,0.612369445057924,0.402234184557922,3.02750238396529,1.12009031587668
0,1,1,0,0.669244538923372,0.398315765811712,3.2726548837008,1.27405640239292
0,1,1,1,0.726059846344259,0.377398274099718,3.07083616763104,1.22818099581554
0,1,1,1,0.643283755009056,0.383033758241122,3.04131311063816,1.26495528584044
0,1,1,1,0.638337700550417,0.391653254838734,2.66806115243272,1.28023992809398
0,1,1,1,0.67218599897545,0.376976552697438,2.92956684906872,1.35785460368522
0,1,1,1,0.639267451031312,0.404663999168937,3.07620999570906,1.23962893222625
0,1,1,1,0.624984908692594,0.411803918121062,2.80099376989153,1.19408820494066
0,1,1,1,0.614770213200122,0.38513814720707,2.70914142117128,1.21773809543816
0,1,1,0,0.633705823765297,0.400138881487621,3.04610428022821,1.17667154565043
0,1,1,1,0.646955512268197,0.404504769021536,2.88260932836856,1.27210925110592
0,1,1,1,0.634574949527464,0.385114597515048,2.66486568124428,1.29558754835315
0,1,1,1,0.666146151538116,0.382109302696423,3.14971308225562,1.26305128232709
0,1,1,1,0.637462265484488,0.365562998370079,2.58639320254126,1.10865733362543
0,1,1,1,0.605689721150294,0.392034225394965,2.7204431318119,1.4706124091939
0,1,1,1,0.612351148791846,0.401119701742025,3.04551018180146,1.37235798647912
0,1,1,1,0.589900785071514,0.395283760678835,3.02755726083272,1.43101568969851
0,1,1,1,0.599709656607744,0.372392085268997,2.87303866721139,1.31025698081248
0,1,1,1,0.637555307420316,0.389829772861817,2.55234238022535,1.16842217691943
0,1,1,1,0.64338427531689,0.390218186899748,2.86040684245652,1.27522225870398
0,1,1,1,0.666447764682925,0.412832595998566,2.74876869844569,1.21326863910091
0,1,1,0,0.629715486995856,0.373658558323513,2.77555581983624,1.10835808276368
0,1,1,1,0.621006939850159,0.389623667244682,2.88354324864222,1.14126065083039
0,1,1,1,0.619774996238533,0.360988383065153,2.81353625155614,1.10991966539988
0,1,1,1,0.602389569707595,0.360478371968758,2.91572238913042,1.25437136775882
0,1,1,1,0.649425730748631,0.358606365352149,3.01247883074697,1.27561103203409
0,1,1,1,0.663670377764614,0.358849927809389,2.97510280552325,1.40900149329321
0,1,1,1,0.640111989276254,0.388200566280316,2.76605673335324,1.19215437589904
0,1,1,1,0.706285022286676,0.407182463685382,2.94250505109754,1.07948289165193
0,1,1,1,0.584951892869285,0.36952249856364,2.70894772336279,1.44180075170983
0,1,1,1,0.62856645157081,0.378449729013454,2.88465658122987,1.22697489944777
0,1,1,1,0.649437337765209,0.371513981998266,2.99035620417728,1.10442580716957
0,1,1,1,0.606446601692881,0.36117361734039,2.58725441869996,1.33752361938898
0,1,1,1,0.699184466858091,0.39196592471615,2.79110157464924,1.29385531318044
0,1,1,1,0.622719275331762,0.381506813937024,2.82201472778568,1.24852373943079
0,1,1,0,0.637286964685114,0.373898047722011,2.58367986555717,1.10749331239445
0,1,1,1,0.675788946389154,0.403116709205727,2.76796181105328,1.20727514252135
0,1,1,1,0.68382344970772,0.407812070329549,3.2063901749617,1.30521722113957
0,1,1,1,0.647492785574313,0.403125568010993,2.7791177434592,1.2472067151739
0,1,1,1,0.608021024067501,0.38736423894701,2.73405374588175,1.15709412213236
0,1,1,1,0.677414238349973,0.373611848681072,2.86372036765086,1.12982317549945
0,1,1,1,0.616764490046916,0.408740217904031,2.99636515511275,1.31165288492611
0,1,1,1,0.626237911889986,0.395305093234533,2.61066465181017,1.34650031237833
0,1,1,1,0.605508629384269,0.386670826507947,2.69698041701622,1.30592524367154
0,1,1,1,0.663461918955214,0.386479431935596,2.83434991547052,1.19994685582493
0,1,1,1,0.611611827321241,0.37213909275358,2.65463104493035,1.12479480274595
0,1,1,1,0.602281264452287,0.427602392583674,2.67078636712089,1.3377630709109
0,1,1,1,0.676032911516617,0.422602774651059,3.11340937812249,1.22628013803579
0,1,1,1,0.616237249778259,0.371222414700505,2.91608822018396,1.34401708732708
0,1,1,0,0.631067362267662,0.357886665653535,2.86669541879077,1.39589415075884
0,1,1,1,0.591671828558455,0.395432792761335,3.02083730613067,1.37815915922133
0,1,1,1,0.669077707361373,0.39063154289568,3.0123682961995,1.08404669246287
