"ireg1.ecov","ireg2.ecov","naive.ecov","rewt.ecov","ireg1.len","ireg2.len","naive.len","rewt.len"
1,0,1,1,1.16841749752482,0.731689185031822,3.15514839651633,1.27046039080075
1,0,1,1,1.17221386532385,0.798344957935302,3.33455605266112,1.36668297547238
1,0,1,1,1.19693932164175,0.786716539382871,3.40496373103738,1.25891735347215
1,0,1,1,1.12981022963495,0.707998532988695,3.19282336718076,1.24238574818114
1,0,1,1,1.18778714199929,0.800536381364647,2.79095117074315,1.15823784258283
1,0,1,1,1.08172718669139,0.726174675537882,3.1894119535043,1.29164517360568
1,0,1,1,1.20065916729762,0.685665321611033,3.26165307699266,1.45159500759059
1,0,1,1,1.0950525246552,0.737830772315793,2.98060093039049,1.22636901237259
1,0,1,1,1.12870947829842,0.713430588336238,3.04679435384895,1.17752479348442
1,0,1,1,1.20485962649194,0.70778344624698,2.88219851876222,1.25207489701581
1,0,1,1,1.18326123056172,0.801925156221995,3.51905036509529,1.36293132198308
1,0,1,1,1.1786292401907,0.76743026522056,2.81379330418422,1.19574206253343
1,0,1,1,1.13221586335137,0.753118670263311,3.02724576677961,1.32808026911576
1,0,1,1,1.07643310561894,0.75070497894641,3.39251484207605,1.29960052317535
1,0,1,1,1.2205289389138,0.825963404139369,3.41880845986835,1.11568300613283
1,0,1,1,1.13326375911424,0.786658704671936,3.17889086007385,1.33993783148013
1,0,1,1,1.15158178916735,0.783872711822655,3.00770724765994,1.3146718459626
1,0,1,1,1.12632230185434,0.758069781256358,2.93327241728952,1.14904123674512
1,0,1,1,1.13069905222731,0.734739499368592,3.29082888790814,1.22469034201951
0,0,1,1,1.08010170014689,0.75235249095664,3.49893960965836,1.17319309441521
1,0,1,1,0.995446728224012,0.683716078095424,2.58654996773604,1.41419653711755
1,0,1,1,1.18997955115688,0.744023933117217,3.22564844781571,1.1316273857651
1,0,1,1,1.21348885091793,0.729136693784106,3.05530795981789,1.25370055118057
1,0,1,1,1.04843778164422,0.688216215767424,3.24327812482421,1.38011578463842
1,0,1,1,1.14447420326562,0.784435383425459,3.27733272337226,1.4129545614655
1,0,1,1,1.06208988656014,0.691909461305256,2.93458091235153,1.1434159779335
1,0,1,1,1.0489603436643,0.705091856155557,2.98645778574736,1.24317007948708
1,0,1,1,1.04710861828542,0.643314023417413,3.24440755541199,1.22293819549178
1,0,1,1,1.1167918265562,0.7482235081945,3.59619652144091,1.31344379257337
1,0,1,0,1.13842768780422,0.696271786388622,3.13180744713974,1.23566682407821
1,0,1,1,1.12014219839331,0.697880185875644,3.07831874124294,1.43509745328707
1,0,1,1,1.13500423494304,0.709970445641214,3.1054929768436,1.30342296767886
1,0,1,1,1.1711789484123,0.692410796802239,3.14776307098773,1.23086711131802
1,0,1,1,1.01224935151267,0.646627788787406,3.29403757115255,1.29163400984697
1,0,1,1,1.25686526672623,0.807420235743777,2.85279178234892,1.38401076751368
1,0,1,1,1.21702923331772,0.737064235594507,3.38952277870429,1.20654847214387
1,0,1,1,1.16136213912167,0.812515280863121,2.93421568177634,1.3060731506748
1,0,1,1,1.0458811822234,0.73196434880327,3.00568981229121,1.13287169684714
1,0,1,1,1.14301093922704,0.71966613004839,3.09165669868927,1.47242614305017
0,0,0,1,1.14812869635464,0.75200071404668,2.64179728828455,1.24283654094322
1,0,1,1,1.16311606151753,0.682575655217818,3.35755493281915,1.30090964097197
1,0,1,1,1.04623631963368,0.69848313164364,3.01308078989611,1.17429719446687
1,0,1,1,1.08950518374463,0.713225777600861,3.36321592034569,1.29247154161735
1,0,1,1,1.02777496021966,0.750438068761865,2.99631760767456,1.38375912004283
1,0,1,1,1.10709229618518,0.734508227717385,3.08966485952796,1.13409273751458
1,0,1,0,1.16068957040096,0.770540855232956,3.04094494805656,1.25677212300315
1,0,1,1,1.10892978294211,0.778916281747017,3.18018100604841,1.3130956591521
1,0,1,1,1.14082882251806,0.771283892171846,3.02877371863292,1.29394829285759
1,0,1,1,1.15702145999663,0.724800274167941,3.11427878711487,1.22353721834506
1,0,1,1,1.0365378364772,0.700156544566832,2.87263865984004,1.16109491761417
1,0,1,1,1.1917059156815,0.776691363646635,3.04037476162819,1.33722425477999
0,0,1,1,1.10709478944129,0.773144263184099,3.44917682286353,1.19620886097845
1,0,1,1,1.10048643319205,0.722440028960042,2.97877593242795,1.22292228631038
1,0,1,1,1.14309865285046,0.680566665994932,3.50371946288715,1.25525719640628
1,0,1,1,1.08054019093345,0.661414441104418,2.71798835650345,1.28976522240124
1,0,1,1,1.08309772970527,0.750569262161188,3.1753556711983,1.19775192817686
0,0,1,1,1.1237350058718,0.749955785910074,3.40885552578267,1.19754156391888
1,0,1,1,1.104207389848,0.721707031966788,2.6922098055462,1.28630290105611
1,0,1,1,1.07089416524645,0.704587397973208,3.2037183553303,1.23084160336374
1,0,1,1,1.22847796343044,0.731285297549004,3.15083213589643,1.28841169388271
1,0,1,1,1.14857737257282,0.767433036661509,3.17722331688566,1.11715996110158
1,0,1,1,1.14969518514499,0.701306084455004,3.0901346543782,1.31825472995868
1,0,1,1,1.2766069998901,0.786059907549113,3.33050186757013,1.30151001193563
1,0,1,1,1.08979843059172,0.720469564449459,2.64790897890189,1.08091124609069
1,0,1,1,1.06265102106058,0.708586903098454,3.31686875932145,1.33077201237192
1,0,1,1,1.05867245925321,0.668787905586785,2.84545089418401,1.19099462419144
1,0,1,1,1.14337549830974,0.730778552485547,3.20511400428439,1.2970815409292
1,0,1,1,1.08317469903354,0.765164634744468,3.01523902476408,1.21256646595621
1,0,1,1,1.1107193074879,0.727719937570879,2.90082447189937,1.19274740245936
1,0,1,1,1.03281266904192,0.620473778086841,2.75752140887981,1.25772722876918
1,0,1,1,1.14322886745123,0.697794656407689,2.85526905355526,1.35501234172819
1,0,1,1,1.03276559040955,0.694417449075813,2.99255117721666,1.20661081341376
1,0,1,1,1.08661353212317,0.731126677225838,3.31985327426746,1.31012533840046
0,0,0,1,1.17623708325839,0.727784103147655,2.7336458381381,1.18188402556396
1,0,1,1,1.16553011893915,0.738476169543367,3.17106299114039,1.28777925356866
1,0,1,1,1.10527718659755,0.687788717667642,3.05474285171301,1.3567544412022
1,0,1,1,1.13713884508086,0.760467697525154,3.23293563164516,1.20959776864634
1,0,1,1,1.08024993063893,0.699203963051467,2.80106934791025,1.28793964604234
1,0,1,1,1.20844550144701,0.801815408811194,3.21330250301999,1.25245785096326
1,0,1,1,1.117955479237,0.671559356295081,3.0452655960547,1.29911542923719
1,0,1,1,1.11865754808643,0.695954889734724,3.3663617829543,1.35357435372159
1,0,1,1,1.18382727194343,0.709266027246665,3.44695256919975,1.27828278583326
1,0,1,1,1.06788382176721,0.663548818991143,2.58623152946335,1.35077736357082
1,0,1,1,1.1353621626408,0.779176252162468,3.01992444238793,1.20596070146334
1,0,1,1,1.09270787368191,0.706979958951156,3.07960401144961,1.24653915034226
1,0,1,1,1.10556932824359,0.702214302453187,3.05980265052504,1.12000195597278
1,0,1,1,1.07867706149793,0.716232771163569,3.01979945706773,1.26457720147207
1,0,1,1,1.0572215460096,0.759932430723029,2.99523427502282,1.2019733063079
1,0,1,1,1.19091235901287,0.760049851034204,3.47977034850151,1.34892692271465
1,0,1,1,1.09807934033533,0.767637617373853,2.89423384442368,1.34663120387625
1,0,1,1,1.05792945897367,0.683746479262151,3.17298469013834,1.15236366693692
1,0,1,1,1.11824704896879,0.708449962356328,3.06216595656506,1.28535959844962
1,0,1,1,1.07563009944108,0.757190677711444,2.73236198949248,1.25615446579831
1,0,1,1,1.14619893858915,0.702952495532419,3.01368235438444,1.24896936908537
1,0,1,1,1.07266835591467,0.667570250739521,2.96744443410836,1.23796174196172
1,0,1,1,1.20460465902453,0.795455466787598,3.53749209586151,1.484440025184
1,0,1,1,1.08208321126184,0.705230003597904,2.99250796086592,1.1761439648469
1,0,1,1,1.13086749944573,0.694454817153223,2.98005884434849,1.19549410093443
1,0,1,1,1.22449936802484,0.855031552223236,3.45896205248434,1.10149929741787
1,0,1,1,1.11724110510239,0.769344797404513,2.99336330939605,1.19887916971909
1,0,1,1,1.17126795271794,0.689896154716259,3.49962123788312,1.32231774971415
1,0,1,1,1.06265670403511,0.638074525665957,2.7500997234702,1.50006559837469
1,0,1,1,1.03889918830135,0.626798576565105,2.83319298774864,1.19370183101355
1,0,1,1,1.05205131386213,0.689104069912894,2.47432800089543,1.25038060588864
1,0,1,1,1.03934299389401,0.677771916085738,3.22495311843311,1.48532346889805
1,0,1,1,1.21166585524548,0.741368862704825,3.14492928273333,1.13352435641481
1,0,1,1,1.06267206181294,0.746125340442734,2.83698076073395,1.09457967067239
1,0,1,1,1.02199025643914,0.72659875249375,3.33985070825127,1.20488942613018
1,0,1,1,1.15667894966462,0.662986976218316,2.80342789212983,1.18852051033637
1,0,1,1,1.09680336273856,0.676587528481431,3.17384463672104,1.2243687926464
0,0,1,0,1.15721414785438,0.731256052575324,3.32219304686992,1.19763731484796
1,0,1,1,1.21932448206548,0.785417739706535,3.29326590521629,1.27167046569771
1,0,1,1,1.07036758927918,0.679169170934512,2.89371830681821,1.33774152611594
1,0,1,1,1.13449601011622,0.738462471757674,2.95352159814096,1.22457941816062
1,0,1,1,1.12004088864986,0.79998225044414,3.28534451840332,1.3143262114177
1,0,1,1,1.06947981537169,0.736052829901571,2.99574178772804,1.2121610785142
1,0,1,1,1.12904831101875,0.709647104518742,3.12994586541914,1.49942307734975
1,0,1,1,1.13021593365323,0.704126611826074,3.11072564213686,1.34933010094894
1,0,1,1,1.14417186234718,0.692358465993285,3.21926805531953,1.26224993751708
1,0,1,1,1.04863634720164,0.698323650872403,2.99182570123972,1.28969715130411
1,0,1,1,1.07892571234817,0.765842328066098,3.15158848946233,1.2928049770685
1,0,1,1,1.1779018132053,0.717621207549513,3.41929153500163,1.35615346017659
1,0,1,1,1.14597713589657,0.728945764960422,3.29520200402984,1.21287997387552
1,0,1,1,1.2196945374634,0.748403666400243,3.1776356271601,1.29629853798711
1,0,1,1,1.08384317136301,0.711457384833856,3.05656721859795,1.22370762754812
1,0,1,1,1.25334163029005,0.700666592381629,2.88312894623813,1.3113628423523
1,0,1,1,1.05033922637179,0.674852053011506,2.74920307590944,1.31109111368946
1,0,1,1,1.16242638604618,0.701660455629455,3.13926488188671,1.21996610866654
1,0,1,1,1.14049714669084,0.739432479552624,3.19012424546708,1.22507438010064
1,0,1,1,1.10788896226155,0.749857403637225,3.10655115526999,1.258742888821
0,0,1,0,1.08674188577692,0.756168893483951,3.14543820594881,1.1199405653845
1,0,1,0,1.15514363410225,0.737659979862708,3.25778714974504,1.30394675319729
1,0,1,1,1.02218892472864,0.706997051208897,2.88559186817673,1.23002975830312
1,0,1,1,1.0491039383256,0.708691207219697,2.95181544066585,1.23836619554501
1,0,1,1,1.11141851414813,0.717995225126018,3.15294043983111,1.25272116513963
1,0,1,1,1.00388009863968,0.718905067346164,2.93760080887621,1.19349597410636
1,0,1,1,1.11273459401474,0.763568214838749,3.23499097345563,1.32160100224199
1,0,1,1,1.07457766660452,0.648357496929139,2.87904302195438,1.30049655206165
1,0,1,1,1.17400442975997,0.716790528107283,3.21195752048817,1.32226301080958
1,0,1,1,1.11675778205524,0.720423357215299,3.19247481034859,1.46716991941255
1,0,1,1,1.10868232618011,0.681159232946333,2.92069697329679,1.22542210985088
1,0,1,1,1.12703080771626,0.682320237098019,2.80022229313977,1.29737428152684
1,0,1,1,1.06435264633086,0.667319289789161,2.35507089290643,1.08340750487862
1,0,1,1,1.00933293505983,0.682999511152775,3.13783534201723,1.29297933454806
1,0,1,1,1.18238456419318,0.72388919931412,3.40620893854387,1.30521677289895
1,0,1,1,1.10477630257066,0.716694549801344,2.88327031752675,1.20588915343376
1,0,1,1,1.08312520854307,0.721030405765047,3.24676692453352,1.26538759246568
1,0,1,1,0.996087214762409,0.656970372050979,2.89324204001393,1.18977171054311
1,0,1,1,1.21144325258297,0.671704505197232,2.89715051784232,1.33121787852483
1,0,1,1,1.22109308434228,0.75700416281191,3.39976268515264,1.28050258428024
1,0,1,1,1.13754696420941,0.749706605605761,2.97104576348195,1.12607474043769
1,0,1,1,1.05025879093383,0.753497004776514,2.867283486573,1.26122101322524
1,0,1,1,1.09479671428298,0.768822260997008,3.25522486679605,1.19401886933211
1,0,1,1,1.21689953865341,0.763495257155115,3.05893783284321,1.23112360634664
1,0,1,1,1.20452370961687,0.661755329912497,3.33298861721678,1.40858345822721
1,0,1,1,1.16200206504837,0.683361598206995,2.993598756944,1.36234638180773
1,0,1,1,1.06282328476738,0.71122367683816,2.88493216868038,1.21260849440195
1,0,1,1,0.980126481350458,0.699860768282627,2.7474098058387,1.25189372307511
1,0,1,1,1.09166704354659,0.708453158122273,3.12888604572324,1.43653046049907
1,0,1,1,1.21052455438113,0.777062509650351,2.99841154332483,1.14625875164742
0,0,0,1,1.08563173613049,0.70404934764985,2.68061644904681,1.29756098255248
1,0,1,1,1.17930609932563,0.762413876734571,3.30371191278548,1.40116289087856
1,0,1,1,1.15161465503984,0.742922620207922,3.34240769344199,1.32991670108835
1,0,1,1,1.12081223973615,0.668586408716591,2.89505264898281,1.17698668352386
1,0,1,0,1.12494203723117,0.685848769922209,3.1374053219955,1.36471366730059
1,0,1,1,1.06489103713152,0.731558450051865,2.96158513268221,1.3039315509516
1,0,1,1,1.00430162416813,0.799578489847564,3.39707609191518,1.36221468084284
1,0,1,1,1.18527464298257,0.689768557406352,3.30193615255849,1.29495530202789
1,0,1,1,1.05244671476376,0.693265034240889,3.25621268305186,1.45096892805501
1,0,1,1,1.09382408568593,0.713187303778968,2.75775243241911,1.19283655679574
1,0,1,1,1.10894134011296,0.703888069832669,2.81665135184881,1.15611769343281
1,0,1,1,1.09418568990759,0.698777707371136,2.96614118636866,1.23597788399042
1,0,1,1,1.08790436826936,0.775307709161006,2.98659229591499,1.28270502144295
1,0,1,1,1.06415279600335,0.674346546321873,3.12404448083903,1.36984908466991
1,0,1,1,1.02978021043668,0.717720563617016,2.97745500902342,1.1916998387196
1,0,1,1,1.10149050507413,0.663303850859521,2.57965164530254,1.15159837128078
1,0,1,1,1.15884848123683,0.725354491583255,3.34092912454136,1.28235961457388
1,0,1,1,1.09874827482511,0.701283286229804,3.02932736257559,1.31017395945974
1,0,1,1,1.02678623057414,0.757602196767771,2.90439991035519,1.25706302086516
1,0,1,1,1.06567024964574,0.717679620810835,3.0089842688568,1.1505836600223
1,0,1,1,1.10837511780665,0.71343175768232,2.98161940486706,1.17328928282433
1,0,1,1,1.14319319205163,0.695940025121293,2.77565573376076,1.21414107024629
0,0,0,1,1.05567319944471,0.657713238575616,2.44197312726689,1.18715989468146
1,0,1,1,1.13975758814812,0.769597037576009,3.31970254549478,1.28837107009315
0,0,1,1,1.11178149427812,0.786264195627014,3.59581131883553,1.3791786192528
1,0,1,1,1.09521667156748,0.706857609975946,2.57354207255911,1.29628707383621
1,0,1,1,1.15551987269278,0.778044182352101,2.94892984261619,1.19934369912897
1,0,1,1,1.12142783132537,0.772494453085381,3.19970204469693,1.18871384603723
1,0,1,1,1.0270605093783,0.720050841592838,3.1900047109401,1.20566409095158
0,0,0,1,1.13891825704236,0.738731013826464,2.73772472996487,1.34615717922188
1,0,1,1,1.07747675818045,0.71414524882344,3.1663280562944,1.35198107482651
1,0,1,1,1.08705627580278,0.711951847833887,2.87207899733456,1.2596448554762
1,0,1,1,1.1553978204206,0.726266907442877,2.91613480444108,1.25151871256553
1,0,1,1,1.01345061380925,0.72489383911874,3.03195808399664,1.13469052146256
1,0,1,1,1.16291273896517,0.790769522275005,3.2277792984876,1.10398244289302
1,0,1,1,1.17010250352545,0.718361621744058,3.11714040507231,1.24519064301648
1,0,1,1,1.06623760511002,0.681476542843142,3.09572044735848,1.21322820323025
1,0,1,1,1.08076201272413,0.683798130340759,3.38128997792969,1.32226506053335
1,0,1,1,1.06520235869948,0.71456418070368,3.29443385666145,1.2184221996907
1,0,1,1,1.11859707432374,0.711761820771735,2.87134704920339,1.25955894953639
1,0,1,1,1.18156423467059,0.690133207143353,2.90030787658523,1.45288183644254
1,0,1,0,1.0760017534318,0.771281778219539,3.31881327788866,1.39806437957749
0,0,1,1,1.06754683487015,0.771826874798441,3.1207515597411,1.27874649787565
1,0,1,1,1.13325729134612,0.714693248734748,3.31093884211707,1.21201595780404
1,0,1,1,1.02502631738119,0.696380480668158,2.91357830677528,1.30763198436153
1,0,1,1,1.08393217412639,0.689916170577796,3.01998979741263,1.22447199493119
1,0,1,1,1.05151586645295,0.641568516972539,3.21901627749582,1.3563971790085
0,0,0,1,1.19790799730499,0.723439939636592,2.84515774559108,1.41935536181544
1,0,1,1,1.08571415694808,0.745511295541157,2.72645406709253,1.30791545337642
0,0,0,1,1.07274663912379,0.709985897997422,2.60606221158016,1.28099487072498
1,0,1,1,1.20035990821135,0.72254891182918,3.07028668373113,1.20671859695704
1,0,1,1,1.24960322350014,0.74865590905717,3.17308182837319,1.33038877704747
1,0,1,1,1.0822738268578,0.70022923615538,3.46968975881441,1.24340385827044
1,0,1,1,1.1392984502337,0.766651187993792,3.37027781991874,1.24430854805257
1,0,1,1,1.05850060479043,0.705234503056987,3.02662358197554,1.27329671890876
1,0,1,1,0.997594914464391,0.737242910839534,3.23534378482476,1.22648119624463
1,0,1,1,1.14824131913959,0.765609237894623,3.54076611655842,1.40085244154277
1,0,1,1,1.27737297338026,0.730689382669219,3.34731456199613,1.3220015663565
1,0,1,1,1.09550900479229,0.704288986750957,3.22936801909173,1.27807198945449
1,0,1,1,1.15688932514209,0.710360047349814,3.16776365326272,1.32121167797045
1,0,1,1,1.17651297827468,0.766239200819914,3.33894376296257,1.21585891800666
1,0,1,1,1.06960903983335,0.73657111716172,2.90847997491739,1.30640426408177
1,0,1,1,1.00678732197833,0.670192850776548,3.04257525884046,1.34774777101375
1,0,1,1,1.10308727172241,0.724258525749746,2.98131103890226,1.23061801405371
1,0,1,1,1.08312302336192,0.694972606972145,2.76831145325452,1.31952126087979
1,0,1,1,1.1627704930126,0.7829107287318,3.13465021707385,1.23903107312522
1,0,1,1,1.12233189021455,0.680999946499992,3.31250268674249,1.30809876948948
1,0,1,1,1.12745816803583,0.741469926828172,3.20662496350303,1.2383373088206
1,0,1,1,1.15451203636205,0.694362766903212,3.19708023671994,1.18324694420734
1,0,1,1,1.09320966660237,0.684080289006259,2.93993414405973,1.19274742081194
1,0,1,1,1.0856693564153,0.714436348513483,3.09695808671948,1.283773691122
1,0,1,1,1.08469431876091,0.686021005385302,2.99624769558349,1.28324154151128
1,0,1,1,1.07199241740212,0.733724184644925,3.12611441537662,1.26261024315
1,0,1,1,1.11214463904,0.808134043028142,2.95147574654739,1.16616867908987
1,0,1,1,1.14134569006108,0.665255179401037,2.76785018495083,1.17347437546042
1,0,1,1,1.02174012179289,0.661371177088389,2.75349230845698,1.28224754681091
1,0,1,1,1.12268575882291,0.716730348341549,3.10704651334741,1.25787354860666
1,0,1,1,1.15387427124397,0.68988387541504,3.11841253007008,1.28206110022858
1,0,1,1,1.16801308817394,0.719418389549064,2.62944415962828,1.16159205231982
1,0,1,1,1.11017092305284,0.728276911995225,3.15408289707626,1.22220330045919
1,0,1,1,1.13245661776531,0.716328216641507,2.56010051802179,1.10670303176836
1,0,1,1,1.11505936246777,0.749546980605101,3.19945872605272,1.32638191449908
1,0,1,1,1.10320716660053,0.67292346309369,3.1239290847884,1.18854249077563
1,0,1,1,1.12561539366358,0.676125587830134,3.09996736062099,1.27712246424833
1,0,1,1,1.16192358966882,0.747454419654131,3.24545611417948,1.25521115641083
1,0,1,1,1.14138714677891,0.751315203591995,3.08751846527556,1.34175120864594
1,0,1,1,1.22155519952729,0.713238140003037,3.29528606145925,1.26757967754973
1,0,1,1,1.09631015421154,0.679527263827466,2.63215364246233,1.28308658583494
1,0,1,1,1.13146900341792,0.671517029448396,2.68680028103211,1.1865759575078
1,0,1,1,1.1216021641682,0.751100801573764,3.27935837489815,1.32850936634856
1,0,1,1,1.21919554151564,0.794342184807655,2.96227057509063,1.22314732808376
1,0,1,1,1.19649342191795,0.732840722160497,3.363530516359,1.42942535125933
1,0,1,1,1.14815725693945,0.684633007835621,2.98511024160741,1.2347633344548
1,0,1,1,1.1415950897855,0.742108445357668,3.35581753748379,1.34599673860632
1,0,1,1,1.05685102920373,0.707439363533592,3.13481167280804,1.20491606999038
1,0,1,1,1.07249494203286,0.737459994072813,3.09160440564834,1.1374791792476
1,0,1,1,1.12344350705737,0.777572261031214,3.03024844255406,1.15915047078886
1,0,1,1,1.09934458147399,0.732245601109158,3.16317489202881,1.2687228482789
1,0,1,1,1.10626784138916,0.68154096662705,2.92583892235343,1.21922152778308
1,0,1,1,1.21382422740696,0.770780991296182,2.91380146588144,1.22645366836685
1,0,1,1,1.05933396729546,0.72254662726765,3.11402271881717,1.19438356500577
0,0,0,1,1.11048389657814,0.676791449714033,2.5612663505454,1.253388256138
1,0,1,1,1.19335645908451,0.820326159404876,3.38536761681327,1.28333789243137
1,0,1,1,0.988204183592983,0.645413176544768,2.7970008718491,1.22342470920528
1,0,1,1,1.09034479250816,0.708913007737664,2.91307962533356,1.12600717600779
1,0,1,1,1.14400915860721,0.770874850591805,3.24236110995166,1.3105161536
0,0,0,1,0.989603123980196,0.643737127476717,2.55194267654447,1.62047027457649
1,0,1,1,0.995392564595199,0.735165304379703,3.00996096219104,1.20438901497449
1,0,1,1,1.2179179541967,0.78742580254509,3.19540429470612,1.30520026308209
1,0,1,1,1.05213092692889,0.722066839829453,3.14025591702915,1.38726553450986
1,0,1,1,0.983835281932421,0.648217499968109,2.81589989986989,1.18490661318364
1,0,1,1,1.12633302115313,0.787150865600868,3.25464105054041,1.31533968423233
0,0,0,1,1.07854423452898,0.659321126220229,2.65289168889866,1.21960237492397
1,0,1,1,1.11282741218542,0.706732771372914,3.17126070931177,1.29858151855671
1,0,1,1,1.2734388231491,0.805151620285966,3.38060490574027,1.43726737907397
0,0,1,1,1.14110880943503,0.730135919548423,3.6517429472023,1.18012816060283
1,0,1,1,1.17502456846863,0.711717474941409,3.03093800449986,1.27863147793441
1,0,1,1,1.14175431903676,0.727466410761853,3.0537778217376,1.16690043283358
1,0,1,1,1.1433532153987,0.696515146830906,3.13671210338515,1.30813715720978
0,0,0,0,0.948965069025772,0.653440808710793,2.7230326299843,1.26539510965807
1,0,1,1,1.20436927523636,0.740337271343641,3.21609663349969,1.33509317078555
1,0,1,1,1.09570796512201,0.702086743412388,3.12639163899925,1.10699120884894
1,0,1,1,1.10833606938424,0.7240421168236,3.24110822354353,1.2027805793497
1,0,1,1,1.10477989970786,0.683627146401075,3.05987498451948,1.21361159449857
1,0,1,1,1.04554473878819,0.723150225252401,2.96644921448955,1.19677782841279
1,0,1,1,1.1481916612801,0.688651416653271,2.90751146587827,1.16272778771608
1,0,1,1,1.15096750329792,0.767463873317153,3.37401013743873,1.25519893006737
1,0,1,1,1.06081085880753,0.722396481174453,3.24587189368938,1.2268839011715
1,0,1,1,1.19872615196192,0.680347944466747,2.83363511969206,1.23302692725523
1,0,1,1,1.17842600379855,0.763649433423694,2.92245068720864,1.30152406808997
0,0,0,1,1.14704639351363,0.733168219255785,2.74152851648426,1.25294933836064
1,0,1,1,1.18774159485854,0.667555025485215,2.84068698042858,1.34036629718099
1,0,1,1,1.06717508209228,0.691802245396048,3.14904448150644,1.25935725702337
1,0,1,1,1.1005382202469,0.760610107853112,3.47572844414848,1.34923861656287
1,0,1,1,1.10559024261605,0.738400313411,3.08547107876996,1.27845015748837
1,0,1,1,1.12288181854324,0.721360658784103,2.99000318384225,1.29539849803878
1,0,1,1,1.17175768265142,0.672390120112874,2.71673489942061,1.35424047112753
1,0,1,1,1.15899119524629,0.775991308700782,3.11528974288777,1.24362402851075
1,0,1,1,1.13356265283225,0.706621065937309,2.83489889817167,1.25706175124933
1,0,1,1,1.14819748148691,0.743616301106271,3.14609249274315,1.41894230913852
1,0,1,1,1.16683442937352,0.689080196356122,3.00461875043746,1.3224371838311
1,0,1,1,1.24171146228598,0.752347557621784,3.26222582804184,1.25936231773775
1,0,1,1,1.08043298539512,0.688368065106334,3.07263154856398,1.18308961153239
1,0,1,1,1.16577488540851,0.721438898138869,3.40962135022522,1.37514484089086
1,0,1,1,1.09293236922677,0.762041001331539,3.42540307323175,1.35003496202588
1,0,1,1,1.12548560492171,0.766385885651684,3.6435612166144,1.14427869195087
1,0,1,1,1.25918289630208,0.784856421922336,3.07452337874118,1.28783297052648
1,0,1,1,1.11822205970082,0.692167722706196,2.94752113196303,1.36693511726924
1,0,1,1,1.22833759823784,0.68354972879835,2.85020682129347,1.15301769849853
1,0,1,1,1.0247732974103,0.740412072447571,3.0423239664629,1.25483586959366
0,0,0,1,1.23244954458418,0.75094630599355,2.80083945137052,1.32996640622421
1,0,1,1,1.07918476189444,0.726685806382746,3.22060449199385,1.16364287671932
1,0,1,1,1.08680483076473,0.692009931036638,2.89865355682706,1.20649776004364
1,0,1,1,1.04095867306141,0.72107885863178,3.25790054568851,1.12933287559759
1,0,1,1,1.12845584835668,0.662086696972331,3.2102239456107,1.34342470513061
1,0,1,1,1.17256312050871,0.777993870584467,3.11698399084152,1.25224538021009
1,0,1,1,1.08726938814845,0.70837509977973,3.17739094260333,1.29449055682752
1,0,1,1,1.12850672568831,0.677743549993378,2.8616472351797,1.28510073317807
1,0,1,1,1.14118809130243,0.666306691607375,2.87797077491732,1.34332887238409
1,0,1,1,1.16251858490229,0.682364076694122,3.3323961572212,1.14715837227305
1,0,1,1,1.10333040669685,0.696269195015297,2.9874274118608,1.42943763979992
1,0,1,1,1.14196548645955,0.799917055427724,2.98679932903753,1.12571997755923
1,0,1,1,1.1995541361871,0.842213439597675,3.0254001358343,1.31083931790915
0,0,0,0,1.14708689478841,0.762163120698799,2.854984386288,1.22460846434879
1,0,1,1,1.15169894296168,0.742353816065132,2.82946468332077,1.23371044979604
1,0,1,0,1.09743271797513,0.71715309251582,3.44117357018526,1.33532183373843
1,0,1,1,1.01700649755259,0.617709757401507,2.93921754546219,1.34745482366633
1,0,1,1,1.17937094080436,0.778133152977099,3.0977209308168,1.25546249195412
1,0,1,1,1.0699026467877,0.766834047738611,2.84137629435381,1.23760121450043
1,0,1,1,1.08987199184829,0.727494742360638,3.00057234428068,1.24427816201369
1,0,1,1,1.03353159799847,0.731314018333802,2.93507631932345,1.16262405728438
1,0,1,1,1.11252160433606,0.676631415119562,2.85257301204662,1.30373932087853
1,0,1,1,1.14666671555281,0.696340974673436,3.18508493894108,1.22868332019309
1,0,1,1,1.12588687679527,0.67876442315623,2.90304286793507,1.28494239600477
1,0,1,1,1.09732386597523,0.764446749541158,2.82831418782423,1.19745276963903
1,0,1,1,1.05071324573398,0.676218094611202,3.25073325886608,1.39629610522685
1,0,1,0,1.06550363691523,0.750650578663024,3.22090685481586,1.22673901126615
1,0,1,1,1.18466620755347,0.780816693504747,3.17345647626979,1.35274216012822
1,0,1,1,1.08827805493363,0.773752658846603,2.87860392269296,1.21173251029227
1,0,1,1,1.11393542315993,0.732984607567448,3.23906920635724,1.27277388308346
1,0,1,1,1.07306670689534,0.732239805269602,2.96335082484527,1.2471902986678
1,0,1,1,1.0589890291778,0.728821829901264,2.91564892449899,1.1196635554662
1,0,1,1,1.04487254353105,0.654710432070869,2.95383128805739,1.37047309896679
1,0,1,1,1.06341697594857,0.65916956330394,3.02652534265772,1.195842183541
1,0,1,1,1.06819263709264,0.730207549574724,3.05213255303961,1.1812673450681
1,0,1,1,1.02816364346522,0.697217495887865,3.23255479665644,1.29758425153285
1,0,1,0,1.0848296807795,0.731004792472872,3.17977228231692,1.23898787676819
1,0,1,1,1.10206038505439,0.785388407649175,3.26591420455081,1.28399320299929
1,0,1,1,1.05494042919761,0.686491609080067,3.19209101629706,1.25255421262137
1,0,1,1,1.11721713907984,0.725352001985085,3.20796181067257,1.20628539105105
1,0,1,1,1.17439692202158,0.676316531123353,2.52437439863709,1.34243672197721
1,0,1,1,1.06980487873267,0.735469553766711,3.15266282989021,1.27989779789626
1,0,1,1,1.16095884413652,0.621863815235959,2.67974350179617,1.29856221482946
1,0,1,1,1.21358570986315,0.628746466360906,2.98657649999605,1.27371234607632
1,0,1,1,1.18426186378555,0.715403275405274,2.93845528081783,1.18131172564193
1,0,1,1,1.00357853817477,0.689347505814533,2.96434862282741,1.41106838755406
1,0,1,1,1.19944702012595,0.716096555479517,2.88383577297468,1.29026770241522
1,0,1,1,1.23455672956523,0.782109204718171,3.33098974992376,1.17225995121721
1,0,1,1,1.14697473659156,0.676661197869619,2.66676707711179,1.26933434866174
1,0,1,1,1.16620641497695,0.728269607297658,3.35994675614855,1.39383142251276
1,0,1,1,1.110798928953,0.776618705617341,3.22716142858803,1.24641829687339
1,0,1,1,1.11034343541543,0.761001760918295,3.04764842658646,1.31844992980657
1,0,1,1,1.14826675310702,0.709744466974085,3.01760666495763,1.352529519209
1,0,1,1,1.16435000939168,0.715326658246959,2.9157049796742,1.26341457539169
1,0,1,1,1.09680830604306,0.749603846860529,3.23457027384527,1.2408408535217
1,0,1,1,1.17184087180344,0.741696740430331,3.14152480102457,1.21787240863183
1,0,1,1,1.05602446854793,0.685706470623463,3.00416319737567,1.20140819209504
1,0,1,1,1.15497568196417,0.771639092761996,2.97035332805996,1.22983097413466
1,0,1,1,1.1915337763303,0.770668314463824,3.15390922680635,1.27900126333307
1,0,1,1,1.09454249090048,0.712316811863958,3.36667489861619,1.27689513209031
1,0,1,1,1.12086094731291,0.67072359323103,2.84895227951952,1.27150534644842
1,0,1,1,1.19140795580052,0.765996569183153,3.23909265312759,1.2193807284015
1,0,1,1,1.07588890025075,0.687768087190681,2.7133955240106,1.26276293260806
1,0,1,1,1.11174107156267,0.760623882936314,2.97620082503311,1.3095419714053
1,0,1,0,1.11322155426355,0.77864394168163,3.30679672513015,1.33586525833383
1,0,1,1,1.13013918303997,0.730461329779571,3.1909470326063,1.25696258259403
1,0,1,1,1.16482541565775,0.734724666520318,2.75373140731366,1.13197921937353
1,0,1,1,1.10428963036981,0.684497998592093,3.04291904928843,1.40915404291175
1,0,1,1,1.09048878046452,0.6700221233228,3.14766942207763,1.12768302030135
1,0,1,1,1.04443643560474,0.692270785440035,3.2193312263431,1.17953914329264
1,0,1,1,1.14439319689045,0.740225713729368,3.21699703172326,1.3077283627113
1,0,1,1,1.14620720785662,0.728779594007836,3.08147736884916,1.18146546064253
1,0,1,1,1.09566144115524,0.751498636998705,2.65552862979861,1.23107807594562
1,0,1,1,1.09969715495214,0.676859946789498,3.18270886181168,1.27468716773606
1,0,1,1,1.09759903341804,0.683977394047807,3.04291528759668,1.33966771688036
1,0,1,1,1.05342760609572,0.724715512132908,2.83174637678799,1.21206638193526
1,0,1,1,1.1359849653311,0.711596190518677,3.24731679172133,1.32688643885325
1,0,1,1,1.1390385678906,0.632294340200486,2.96556551891633,1.26045249605795
1,0,1,1,1.17979337145036,0.749834795160342,3.06637456432027,1.23306011269095
1,0,1,1,1.1645235441597,0.801128927878665,3.15748198271343,1.3309249657027
1,0,1,1,1.1027372346485,0.629699072577908,3.39585073450326,1.31693085595122
1,0,1,1,1.04026560525664,0.682423120169746,2.98955943787316,1.19103211393416
0,0,0,1,1.08232674438112,0.685425988416781,2.52150221548722,1.2859447622388
1,0,1,1,1.16206815352577,0.759988186236006,3.01158375192145,1.41367116852043
1,0,1,1,1.13085468872451,0.740350846175453,3.02063018960929,1.32224298891345
1,0,1,1,1.15460825999833,0.74497683214944,2.83685481099759,1.21037624868855
1,0,1,0,1.11050743562295,0.716908213481047,3.33058055002362,1.21557467966992
1,0,1,1,1.08744141251934,0.699289086496187,3.00200688177813,1.32757520816046
1,0,1,1,1.24408336451873,0.798284379909332,3.4129732503249,1.33849085973728
1,0,1,1,1.12081235402696,0.783594232906645,3.42473809768207,1.42086947720906
1,0,1,1,1.08297892238314,0.675922827924495,3.33625141565699,1.2250169451584
1,0,1,1,1.20139482932363,0.76324659487065,3.44009040520257,1.23059833073492
1,0,1,1,1.19493532558574,0.720155211175379,2.76031725169872,1.29833067952718
1,0,1,1,1.12731154533246,0.679614742042939,3.15728574896072,1.21421543044042
1,0,1,1,1.2409624189661,0.684591390473358,3.22683024710112,1.12930913930047
1,0,1,1,1.08428125975813,0.734748279292044,2.91869002082103,1.15195440992228
1,0,1,1,1.09065756391015,0.677404853312742,3.02509056334735,1.29772084511579
1,0,1,1,1.05118310689172,0.729381627401973,3.0240634732635,1.35711019284307
1,0,1,1,1.10529150444546,0.688400147381835,3.20522145731937,1.22633649125697
1,0,1,1,1.10545836838231,0.685793429084625,2.76922298061663,1.24189924526464
1,0,1,1,1.07117136273647,0.697649732761198,3.00885535421531,1.36493437186583
1,0,1,1,1.08768528845139,0.799206256251309,3.29550946323638,1.1763514666483
1,0,1,1,1.15035912197918,0.713033486186312,2.87728773482519,1.16783889384004
1,0,1,1,1.11187701291388,0.73819279646924,2.91223597074606,1.47569478488999
1,0,1,1,1.10889544466912,0.708452994768163,2.68765790498773,1.2363525268303
1,0,1,1,1.14562835455336,0.757844860857677,2.74237430525741,1.31970026197173
1,0,1,1,1.12213047781135,0.731716438601377,2.94204122985383,1.24703183356329
1,0,1,1,1.1452587465473,0.715620999434754,2.79446025771206,1.27431848302255
1,0,1,1,1.06784120833044,0.662292678686363,2.84590974884075,1.2886362293645
1,0,1,1,1.0375140698577,0.635226434901478,2.8875428913267,1.24840220927905
1,0,1,1,1.13450474910348,0.670611077197496,3.08001612527605,1.23060705754687
1,0,1,1,1.25662157561206,0.749727980314228,3.21228745993021,1.40276081428919
1,0,1,1,1.1366988561163,0.743550042069031,3.17902662701548,1.24995065644943
1,0,1,1,1.18598381751393,0.698687559091105,2.79780050508246,1.39898379983785
1,0,1,1,1.1733799819673,0.727229634373153,3.40233990779447,1.15234669347208
1,0,1,1,1.26344390506246,0.707809583557721,3.08948246926181,1.2600332355346
1,0,1,1,1.04588242978662,0.714092146984126,3.06326151422552,1.33874589607127
1,0,1,1,1.10222345984935,0.649696708465339,2.72017689697008,1.44386708246593
1,0,1,1,1.08098115969322,0.77653871500852,3.17763272090429,1.19553863625247
1,0,1,1,1.21137429028833,0.701962413878388,2.70149936119081,1.25934301560249
1,0,1,1,1.19544075967424,0.687304505216828,3.37868496437978,1.26068423868933
1,0,1,1,1.16742791887012,0.696827275849992,2.99347526336015,1.23523130237569
1,0,1,1,1.30459778089498,0.791147819868568,3.25189858245812,1.35203386467079
1,0,1,1,1.15460061198011,0.736092699959806,3.15147019380426,1.12648831717345
1,0,1,1,1.16865734699787,0.769972616241515,3.26779682093346,1.30623137416281
1,0,1,1,1.18816969729267,0.745247526706408,3.18518576006955,1.28909163981262
1,0,1,1,1.08961636608131,0.67372254748442,3.18267122227086,1.27041132984767
1,0,1,1,1.20729442360362,0.786511046633019,3.63946461415909,1.24386145995009
1,0,1,1,1.17274504058262,0.753189288014596,2.86502804147317,1.24773766118909
1,0,1,1,1.06843878359006,0.684308254724786,2.93727840270832,1.23606689637627
0,0,0,1,1.0697974786845,0.674130953763725,2.63043101808784,1.20636223819364
1,0,1,1,1.10608765597008,0.707432804981772,3.44938101153747,1.37213810023085
1,0,1,1,1.18670496935548,0.70653983954029,3.28754786252717,1.31518091784739
0,0,1,1,1.22782531964976,0.727343346086331,3.42162882186661,1.30528791627528
1,0,1,1,0.950440582624372,0.688082806660133,3.00760965820775,1.17330114315365
1,0,1,1,1.16820033577592,0.750924991859153,3.0388257840213,1.29424651798971
1,0,1,1,1.14978943560595,0.770281394182893,3.32932338633798,1.26400891378998
1,0,1,1,1.19033566394727,0.760076972978286,3.23873344688781,1.32351464637142
1,0,1,1,1.05595415589869,0.656019324535597,3.13275653448962,1.16807299804327
1,0,1,1,1.04254854041376,0.675048512452063,3.04068689024346,1.17554893935088
1,0,1,1,1.14161912614927,0.729744594117668,3.1128436285603,1.26785129653066
1,0,1,1,1.10046815703863,0.722505763223938,3.24435438106841,1.34489600239947
1,0,1,1,1.05192542899489,0.731893948383942,3.12960702553767,1.32744655695003
1,0,1,1,1.17327483980563,0.768832887155788,3.32734939329301,1.26845494954993
1,0,1,1,1.11205378860137,0.723628724343911,2.82054177595166,1.26723768419527
1,0,1,1,1.21772602554363,0.73274714621473,2.66736941442343,1.32362509896504
1,0,1,1,1.20059569976041,0.745654875446212,3.11963912193905,1.38643513436449
1,0,1,1,1.14271520988344,0.682628266851925,2.73553417099684,1.2608300832925
1,0,1,1,1.01696595472693,0.666963778070723,2.86003955183654,1.24289241565444
1,0,1,1,1.09042279518456,0.697716233671353,3.2714388865814,1.38941120971453
1,0,1,1,1.03338346604213,0.690364351766648,3.34358136333264,1.29402991987249
1,0,1,1,1.10612759750856,0.662293888043435,2.95280296489269,1.35385443898952
0,0,1,1,1.10297444822827,0.732516306351736,3.79034952864248,1.21370101956605
1,0,1,1,1.09432359432777,0.71577844118142,2.99333135228052,1.28187964421295
1,0,1,1,1.13087044906936,0.752444726785138,2.93300392782962,1.24758808293318
1,0,1,1,1.11542834153882,0.684102036820315,3.18507987932511,1.25151892772016
1,0,1,1,1.10030459401499,0.723719528228349,2.94867591693616,1.32982565341199
1,0,1,1,1.10888810241592,0.765864258023324,3.15594244720325,1.41807418101516
1,0,1,1,0.95164911735594,0.666865673412143,2.92831071899989,1.20723795661097
1,0,1,1,1.0500099086234,0.69078034016953,3.3589414256581,1.2692124890295
1,0,1,1,1.14387973610839,0.727361580347718,3.29239339745914,1.24815244039508
1,0,1,1,1.15747738650362,0.706712551562051,3.00513842067738,1.13600376388786
1,0,1,1,1.10257577288896,0.732859894286494,3.51731487498579,1.38689760826541
1,0,1,1,1.16042225518485,0.734352880569127,3.51451026480836,1.16378037064279
1,0,1,1,1.02309940924708,0.674806038447885,2.50993587674733,1.23703382986173
1,0,1,1,1.10333087558509,0.771776700305464,2.92191126811118,1.16018108971118
1,0,1,1,1.19199989655239,0.722591719044013,3.35026429253404,1.29251740166231
1,0,1,1,1.34200766054619,0.819783594539895,3.6551706063774,1.37692313826938
1,0,1,1,1.13025734291262,0.725932576694049,3.10335528412522,1.31085342024623
1,0,1,1,1.17403339943332,0.818485469203176,3.39630881715362,1.26039796955083
1,0,1,1,1.09529100680458,0.66732248832145,3.16183023891424,1.29475062954069
1,0,1,1,1.2403087463725,0.720210603091582,3.58407375070623,1.27986103083682
1,0,1,1,1.12865288329128,0.689288405718804,3.19884261938231,1.48794394587805
1,0,1,1,1.26797259838169,0.723075443109909,3.26735200507759,1.35262111260617
1,0,1,1,1.25788372635683,0.781351293556469,3.27229537844125,1.25116005499093
1,0,1,1,1.06232215665061,0.767905632422962,3.07471806376907,1.23503200692356
1,0,1,1,1.13106569654453,0.663736224634068,3.10942496280301,1.24772249143257
0,0,0,1,1.11040320143398,0.774091442551195,2.69853909773948,1.35406184479916
1,0,1,1,1.09055653676781,0.695700513998193,3.21005663261138,1.28934581304864
1,0,1,1,1.15979607430788,0.790302211052159,3.37723486415848,1.34826781593038
1,0,1,1,1.11183555245939,0.731814468659468,3.05381783285813,1.08379322716329
0,0,0,1,1.11390618091572,0.697005534629379,2.5803697108605,1.3202745855179
1,0,1,1,1.15811262718203,0.66877042880325,3.10439981652164,1.28800907129312
1,0,1,1,1.10950920740821,0.747012289399012,2.97215602261951,1.3391417970352
1,0,1,1,1.0499672645788,0.740734604003958,3.00367308842009,1.25565440421486
1,0,1,1,1.15198842514362,0.701310862960285,3.2777750506652,1.31854733607721
1,0,1,1,1.17647276840519,0.753666552943603,3.23226196817337,1.33019355515753
1,0,1,1,1.05973198766381,0.739192232831206,3.12321306877496,1.30670779818289
1,0,1,1,1.04479359418678,0.633023160400702,2.76280942692103,1.23358428134783
1,0,1,1,1.01027879896958,0.727100858312766,3.05308795827567,1.10157387328968
1,0,1,1,1.13137346010735,0.706270681553531,2.89426098704361,1.2932457823618
1,0,1,1,1.18600033886373,0.761749119275494,3.30578364913021,1.23199490447553
1,0,1,1,1.02405168072686,0.646261743101236,3.00834076487073,1.4305581146651
1,0,1,1,1.10978818482284,0.716284208262489,2.85218447392467,1.19050207643845
1,0,1,1,1.11927413433934,0.742884615188419,3.14107132218595,1.33276040125402
1,0,1,1,1.07192288069755,0.68162210684704,3.08724709411256,1.38375545243809
1,0,1,1,1.08808093880719,0.741856286839654,2.52302875980519,1.20308956316006
1,0,1,1,1.08648918877054,0.715936217831147,2.85446078747598,1.22487898254396
1,0,1,1,1.15689547624899,0.716170473273995,3.00935267855588,1.17756495698301
1,0,1,1,0.984444242861233,0.674924689198451,2.66750988506228,1.18133479571159
1,0,1,1,1.05794728321867,0.746106937903675,2.78305404272781,1.17107681400528
1,0,1,1,0.98384916203855,0.751221631600642,2.99167531872007,1.19531080640795
1,0,1,1,1.12208704263145,0.765245398798424,3.04379764099092,1.26443266202713
1,0,1,1,1.07326047088529,0.683304183884705,2.78486182674803,1.25766796615432
1,0,1,1,1.16793283875509,0.801907814691329,3.28568041329021,1.22578098939432
0,0,0,1,1.18535879415617,0.710135928059003,2.63574794471045,1.42115493445847
1,0,1,1,1.18571660655987,0.782143665459697,2.91689947784145,1.27877362038315
1,0,1,1,1.00542649059349,0.644921505903675,2.80689261600782,1.26895561752597
1,0,1,1,1.1668396323857,0.697706914202506,3.17935963787628,1.31161321528052
1,0,1,1,1.18769534324005,0.73116974409186,3.30979222465339,1.24027999011926
1,0,1,1,1.14097802546985,0.748545261300587,3.2215602029982,1.21743714858328
1,0,1,1,1.24732263680764,0.711521611640097,2.92915711575605,1.34685259817018
1,0,1,1,1.06248432391507,0.726192241730836,2.92685694387847,1.2917892079049
1,0,1,1,1.09094976866585,0.708600669200754,2.87432598812844,1.29731104299386
1,0,1,1,1.06699369715509,0.702508042432664,2.91933714337182,1.28035863204254
1,0,1,1,1.01202319405644,0.632426403654395,3.22973487004394,1.28297932306869
1,0,1,1,1.07177683509731,0.75764832715786,2.69331403232431,1.28788985586543
1,0,1,1,1.18118496944673,0.700210342063527,3.1463287033614,1.31173165820667
1,0,1,1,1.06054440489382,0.720318340650031,2.77317337402796,1.29589489068437
1,0,1,1,1.12107838868378,0.675126666304492,3.26801240964404,1.31773273594378
1,0,1,1,1.07858167759316,0.717806014599232,2.69537299520679,1.20760024104397
1,0,1,1,1.18821363023448,0.72645295711362,3.17364170780899,1.3386854880199
1,0,1,1,1.1451261027965,0.755293619248878,3.17390131253817,1.26602856470199
1,0,1,1,1.16939037783432,0.713444784310853,3.20277971315905,1.38832543811176
1,0,1,1,1.05200190028073,0.673345102441491,3.19441034946759,1.31198241383234
1,0,1,1,1.12516622528134,0.71004754881767,2.96618040313617,1.17452180812171
1,0,1,1,1.10825606079203,0.696739826879916,3.03950031099771,1.35146542466345
1,0,1,1,1.10724023693757,0.679766705566934,2.67305001841987,1.28802100053599
1,0,1,1,1.06562405655173,0.658948641067853,3.17139127051561,1.25515696109154
1,0,1,1,1.09930187290225,0.7244360882928,3.28909048583187,1.21255833288709
0,0,0,0,1.12423060480471,0.714871612851413,2.79466446499181,1.25198290344573
1,0,1,1,1.09666780639013,0.686269914519994,3.03690321534075,1.2155814901821
1,0,1,1,1.06630518156531,0.704559913459576,2.9387255573265,1.12148520556152
1,0,1,1,1.13636247906091,0.725718165302952,3.17734076436466,1.16079224579784
1,0,1,1,1.15675312470961,0.781106380026159,3.05993019544794,1.24025486658003
1,0,1,1,1.11913972795037,0.712703364548452,3.12494972201497,1.35364231980535
1,0,1,1,1.15318471531776,0.715734819837806,2.9366576516128,1.23361022982911
1,0,1,1,1.14331561799871,0.720663540954562,3.17019566198123,1.30134140381698
1,0,1,1,1.16016264565793,0.722281243066348,3.14867180890624,1.27687468136591
1,0,1,1,1.1061561009007,0.730866889561464,3.23217791953124,1.26355447957121
1,0,1,1,1.20453807931982,0.763753589211658,3.11231263970793,1.30198993399294
1,0,1,1,1.04939794536184,0.642378175471507,2.91915328429155,1.24109443025136
1,0,1,1,1.11577665222066,0.76979878940232,2.99985384152133,1.35264927196288
1,0,1,1,1.17877273168807,0.704823999012534,3.15145386961378,1.25149949306839
0,0,1,1,1.17146507987914,0.717410449634567,3.45482812729058,1.18037293391657
1,0,1,1,1.06515275607235,0.703315984611843,3.16046978291623,1.22890732342257
1,0,1,1,1.10133425363884,0.708091469258657,2.99116727507976,1.25386531279845
0,0,1,1,1.0422069135982,0.686275746529977,3.42415464794189,1.43714452932194
1,0,1,1,1.24248795201333,0.677032048607122,3.28452088787352,1.41683332731833
1,0,1,1,1.19760098738457,0.765197446375629,3.38629295801813,1.21087016576749
1,0,1,0,1.0799363217398,0.715474340188298,3.12249999541576,1.33847169245046
1,0,1,1,1.16503938786395,0.744715976403218,3.03938835586543,1.27769627472159
1,0,1,1,1.1957041969009,0.785518792061898,3.55866227626757,1.1774738972335
1,0,1,1,1.13033974693173,0.730899738042765,3.07664413649361,1.26881255857518
1,0,1,1,1.08654299200125,0.764243404445782,3.03036235985806,1.12114819413726
1,0,1,1,1.07662088744355,0.688518867737812,3.15195306625159,1.21012239506689
1,0,1,1,1.11988834076013,0.755739598629618,3.3698097971168,1.24229779170025
1,0,1,0,1.07095603237002,0.672627787884019,2.97206048299204,1.27375360487014
1,0,1,0,1.00137424317983,0.672507716896574,3.03693674224388,1.32838502671805
1,0,1,1,1.15182292943756,0.761016240816077,3.09438436432588,1.20413516836166
1,0,1,1,1.13876592357317,0.735970892542357,2.94250332418959,1.1715029743428
1,0,1,1,1.08558911722214,0.699357157175105,3.41422804590201,1.27046098602376
1,0,1,1,0.994996345262882,0.68046296914557,2.90225233203191,1.21581420697418
1,0,1,1,1.15884247626508,0.759253033037807,3.14205409904515,1.22585110564186
1,0,1,1,1.20343600552265,0.776770361683254,3.51930635078233,1.45174073246182
1,0,1,1,1.17391448850142,0.735014130235018,2.99676034235533,1.35191632395868
1,0,1,0,1.01520567932514,0.708248694805818,3.09800742799334,1.13031605670166
1,0,1,1,1.11004194852297,0.758639967442096,3.26255699879221,1.3441865936133
1,0,1,1,1.08847980410849,0.728216949363709,3.10839247573509,1.1900521250379
1,0,1,1,1.13630962736646,0.731504846884108,3.05731695717799,1.22896343498412
1,0,1,1,1.07125882605965,0.715411887589974,3.15198743530643,1.14994528109656
1,0,1,1,1.0500939268317,0.707796674751247,2.92970716837404,1.3177671818311
1,0,1,1,1.12297920902432,0.720416456979574,3.40408174474348,1.27792120649005
1,0,1,1,1.11980262186977,0.709140652967149,2.75312421230486,1.17052513668364
1,0,1,1,1.14041626205726,0.728413794039739,3.41336544958913,1.2059231494593
1,0,1,1,1.10772470614519,0.744539195283075,3.260195826659,1.19296053074875
1,0,1,1,1.02401530911118,0.708527419769383,3.0604049683282,1.21764260928169
1,0,1,1,1.17419589845852,0.695406169225115,2.96431369677218,1.38931347742311
1,0,1,1,1.14833599654908,0.679952699556829,3.16739731281347,1.24511938978888
1,0,1,1,1.16277808823014,0.720564517515866,3.15990934522282,1.43619050577495
1,0,1,1,1.10681707769105,0.685644184741708,3.0676793740059,1.25518967886336
1,0,1,1,1.1315229062606,0.743622111216544,3.144285811368,1.23013235231423
1,0,1,1,1.06139109218569,0.725429385747542,3.41967109414151,1.16902114622713
1,0,1,1,1.1290783585078,0.783284089835013,2.94830139500767,1.18693161078584
1,0,1,1,1.05821202462819,0.647151570283254,3.1047457699715,1.25854147992906
1,0,1,1,1.16471548899138,0.794449248123202,3.17203596779229,1.26049965664859
1,0,1,1,1.17228422852553,0.763886540106006,3.15948745250276,1.25134573175732
1,0,1,1,1.04698682443272,0.698896968587908,2.65300717258001,1.2974972878721
1,0,1,1,1.13660131886974,0.643181916048837,2.76636951670473,1.45576052736489
1,0,1,1,1.14464463969667,0.727428822925965,3.17624744156578,1.20885980071877
1,0,1,1,1.2578608086174,0.817498027618059,3.21498701494613,1.28145724139503
1,0,1,1,1.01475594806534,0.683876246447044,3.17058529623108,1.30518706025339
1,0,1,1,1.04903531427483,0.6812448184527,2.85755501511342,1.11090355957857
1,0,1,1,1.16336664596787,0.698951546041636,3.1896898786617,1.3533962022548
1,0,1,1,1.02763999347895,0.669631627812961,2.80473277495182,1.21327613357761
1,0,1,1,1.14336053645869,0.707662880245975,3.27152402074689,1.34215610637246
1,0,1,1,1.06425540714412,0.683094688446205,2.79148935266233,1.04800636673584
1,0,1,1,1.15458354808359,0.738358999906405,3.02708256016977,1.32508756583694
1,0,1,1,1.15053301240229,0.721432090048,3.27332042942375,1.20959218967292
1,0,1,1,1.22575215562313,0.727976939506032,3.09386701155798,1.26177165320898
0,0,0,1,1.1032727698486,0.737961434687573,2.73691399059329,1.32189736751496
1,0,1,1,1.1815223463843,0.778990770382858,3.09152316095482,1.41669301047754
1,0,1,1,1.10814577533837,0.7096015872475,3.19152621092859,1.30782133151025
1,0,1,1,1.10454572790689,0.663665251317303,3.18356193295906,1.37816240427417
1,0,1,1,1.14820016921452,0.733461724234699,3.27368306042203,1.24780256916447
1,0,1,1,1.10855533276169,0.671183430806289,3.14742390977072,1.33011861313165
1,0,1,1,1.06872034106419,0.724708343272222,3.39001651505117,1.28368499453435
1,0,1,1,1.15806993748731,0.72590450275984,3.03668386707843,1.19528060876249
1,0,1,1,1.12548018816584,0.754571268034684,3.35988686184654,1.31630742305012
1,0,1,1,1.18068048218647,0.721279786574533,3.0441935555142,1.29358980698049
1,0,1,1,1.04862119074544,0.67977878986605,3.06346278745847,1.21866542246382
1,0,1,1,1.08531375892631,0.660196942001905,2.89937551964037,1.50284937406768
0,0,1,1,1.20853465123259,0.801403627090655,3.85665830475947,1.38459726677462
1,0,1,1,1.17023214062855,0.737974357891018,3.12931756163572,1.19895550305562
1,0,1,1,1.14504899851136,0.675157585027634,3.15476781162493,1.31219544159978
1,0,1,1,1.11557105518316,0.755137592678409,3.20509208638259,1.20895590092329
1,0,1,1,1.10195861450299,0.706444431907809,3.50522464725697,1.28833363026273
1,0,1,1,1.1703811308289,0.677839823792124,2.94032829962856,1.3036373757649
1,0,1,1,1.08528129351561,0.70941021884635,3.01547990391154,1.31061560445879
1,0,1,1,1.11108778254527,0.702835268184771,2.90184872756585,1.22708146076286
1,0,1,1,1.09792809246683,0.758097739772563,3.56920439708598,1.18156675471309
1,0,1,1,1.04005869156585,0.721867875681181,3.40226774495069,1.22753348162108
1,0,1,1,1.04847221623175,0.715184656763115,2.75355062187232,1.22881067789493
1,0,1,1,1.07695265699747,0.707783335299383,3.4768786782828,1.37057139741675
1,0,1,1,1.25273935953268,0.776076596560077,3.70230494729987,1.25858002376988
1,0,1,1,1.10507373525436,0.711577842662477,3.08522401526775,1.33274402582587
1,0,1,1,1.1601777066421,0.766264620088997,3.50489486692157,1.27096970575964
1,0,1,1,1.12549655278523,0.678486761620944,3.47449976221601,1.26777302388313
1,0,1,1,1.17784228544175,0.867647397794863,3.63649861792616,1.38809677528114
1,0,1,1,1.04665304467758,0.69654153529703,2.67410490244275,1.2677781452516
1,0,1,1,1.0482407783084,0.667672221755678,3.02984558454285,1.21239415333641
1,0,1,1,1.12820219261639,0.6888217441173,2.89974402918605,1.3687691353341
0,0,0,1,1.04615511596393,0.656198297436229,2.39453590611931,1.22400146369604
1,0,1,1,1.11349471879519,0.729867287071065,3.42729394437875,1.32765339992714
1,0,1,1,1.14241268762094,0.731267979037175,2.80175516252294,1.30412474706403
1,0,1,1,1.11969556211448,0.676606114778899,3.06100189831055,1.30395691270851
0,0,1,0,1.10652237893193,0.766863014287382,3.55548218735657,1.25555924529024
1,0,1,1,1.16693746795455,0.757580937335317,3.52796750092589,1.21689502109088
1,0,1,1,1.01641964396643,0.684972385277848,3.11570688070958,1.24472645976882
1,0,1,1,1.09673456526596,0.737302038285544,3.01888613863369,1.22817267043573
1,0,1,0,1.12061134677621,0.717736488521387,3.44863813093014,1.44088900240243
1,0,1,1,1.11226606736546,0.749002496202572,3.20915669843725,1.21017435353717
1,0,1,1,1.12127403279098,0.758196228387722,3.23742134668088,1.42233366355397
1,0,1,1,1.16364383565039,0.765890114637688,2.96186358734549,1.14529988754492
1,0,1,1,1.12305172140689,0.693942078017116,3.32358405472136,1.42550736201059
1,0,1,1,1.1302401062427,0.716636137583057,2.97479187178023,1.28475207061074
1,0,1,1,1.16068548562591,0.705389388437767,3.31302431159441,1.41618568682721
1,0,1,0,1.13311851174233,0.75039076289224,3.42910499246354,1.25210146319058
1,0,1,1,1.08750576472323,0.768649255158109,3.15235271034065,1.29585798492774
1,0,1,1,1.21557819967287,0.699764043932948,3.13715030861846,1.28862078550847
1,0,1,1,1.15170064424494,0.725251118744118,3.37496999947699,1.26992624780066
1,0,1,1,1.09560874758182,0.67819676590778,3.17511530833087,1.2891811463667
1,0,1,1,1.13230329375657,0.702782026817833,3.38456018414998,1.40856757005583
1,0,1,1,1.05355830680651,0.720303202647009,2.9972890138282,1.31410391115926
1,0,1,1,1.09725930641386,0.685328311549924,3.01228774177174,1.1714040186749
1,0,1,1,1.07456368140051,0.728590523884974,3.0331949225345,1.21432824969059
1,0,1,1,1.07229510090822,0.692203586737561,2.75450167773586,1.13653668603073
1,0,1,1,1.06853868587113,0.726572412535067,3.27521789506238,1.23218912310417
1,0,1,1,1.18599663828717,0.766669117588013,2.79327148844806,1.38657370364901
1,0,1,1,1.12754135482648,0.751261356958422,3.34371794694419,1.32989875449002
1,0,1,1,1.06442309018493,0.735632293340314,2.86557358304584,1.24347525682745
1,0,1,1,1.15207090418181,0.739495474557545,3.0353098924144,1.31155469022868
1,0,1,1,1.05367632049082,0.754105886856271,3.24348967465306,1.14712148989677
1,0,1,1,1.15946063221755,0.669998483647175,2.74929416189023,1.27027943126739
1,0,1,1,1.07332702632632,0.686572158066386,2.98512180897296,1.2167562188662
1,0,1,1,1.12832158390528,0.708281919870545,3.2429271855902,1.13452714408609
0,0,1,1,1.19390988385901,0.793773091206021,3.51652954506226,1.33424438949364
1,0,1,1,1.02823201498705,0.665485311175624,3.30993195914396,1.18026512337732
1,0,1,1,1.03311095079255,0.700109121600982,2.60460955827604,1.38880022707556
1,0,1,1,1.2327162949769,0.816910261647182,3.16366652349797,1.16931249269893
1,0,1,1,1.075383755156,0.736586999889812,3.35448023674798,1.35699510333788
1,0,1,1,1.00035215063425,0.666285241640485,3.0223996556155,1.30518220568003
0,0,0,1,1.19240831009292,0.703537669454962,2.73472971906159,1.26332402304102
1,0,1,1,1.13277745253249,0.741917080591656,3.57242580748832,1.24973533069618
1,0,1,1,1.14578314579896,0.705979793159785,2.78691074249256,1.1948944086879
0,0,0,0,1.09037116966148,0.72490261569772,2.63169141916568,1.18496290647477
1,0,1,1,1.14923261740303,0.722835061924629,3.14724501983888,1.34111061672217
1,0,1,0,1.06542174406238,0.743187561259679,2.8745052764163,1.33344660004851
1,0,1,1,1.11814658157555,0.752875855179047,3.40482754047771,1.27461160778488
1,0,1,0,1.10933878043354,0.756867906327392,2.95383970185401,1.16792549618607
1,0,1,1,1.03786177361461,0.647471148667806,2.96785928271207,1.19934799853362
1,0,1,1,1.07845894500372,0.652535674914431,3.17234512915955,1.27438737784813
1,0,1,1,1.0726314515328,0.760271489145379,3.39657526952185,1.40149288400101
1,0,1,1,1.166072073682,0.685513977449887,3.12611891428102,1.31792232196793
1,0,1,1,1.1939525316963,0.72307497825587,3.44256077277839,1.31961722024366
0,0,1,1,1.15245009466032,0.748159626789078,3.62039763306329,1.29360377651263
1,0,1,1,1.14582811507772,0.723849611453074,2.73662514390933,1.15827291347521
1,0,1,1,1.10907899506029,0.695383598593551,3.14182037625927,1.27364838560731
1,0,1,1,1.03881284703526,0.747806491542792,3.37013188617031,1.23274226454651
1,0,1,1,1.20998196976834,0.80651267780711,3.18294448252807,1.30721969761776
0,0,0,0,1.13166362235331,0.703967170015864,2.65643241905676,1.41796027618076
1,0,1,1,1.16879228747015,0.700471274976226,3.30465766201143,1.22646726821554
1,0,1,1,1.16679924037403,0.721056414659896,3.15940838128769,1.25895007613262
1,0,1,1,1.10209983764835,0.825027277712639,3.26540550842488,1.24542440055053
1,0,1,1,1.27096836669044,0.699053766537802,3.21087286491999,1.23976145560767
1,0,1,1,1.08068557811078,0.670507819967426,3.28608581131516,1.29869752805699
1,0,1,1,1.16675068734523,0.716967443725299,3.08464555281784,1.31211011147119
1,0,1,1,1.04170320801535,0.697876056854417,3.14541288374936,1.22417839868518
1,0,1,1,1.19305440930461,0.792281324950433,2.96109141676986,1.27136485743323
1,0,1,1,1.15405574967703,0.754903473229228,2.90238551807569,1.13020181453837
1,0,1,1,1.20632975574471,0.732671299373019,3.07974162627608,1.37095036779673
1,0,1,1,1.25701026137276,0.708920412909462,3.27450907985617,1.19544134246185
1,0,1,1,1.03863147461208,0.718131818228929,2.81768738490653,1.11922939716248
0,0,1,1,1.18975195442101,0.824298342517285,3.46267263457759,1.34475940938567
0,0,0,1,1.07368287596908,0.718496639138595,2.73675700059686,1.33964965299281
1,0,1,1,1.19835795346796,0.755285334689122,3.19601689477498,1.31421184670197
1,0,1,1,1.12104002513449,0.809116218168067,3.15426404298087,1.20595955979825
1,0,1,0,1.12125210531919,0.709057741560048,2.97580648756542,1.28101355663122
1,0,1,1,1.1819342374159,0.766895366754463,3.00709954452198,1.20678647774363
1,0,1,1,1.11387537188017,0.757635476315759,3.1520507484719,1.1633600127198
1,0,1,1,1.10132483265649,0.69075572141376,3.15883093827768,1.21509359660145
1,0,1,1,1.1368134517332,0.725492211358535,2.69447299863617,1.21675870260515
1,0,1,1,1.15420094769705,0.74096501565932,3.03630305147638,1.22662860092933
1,0,1,1,1.02489800905529,0.685213918327181,2.9555575521258,1.15677714356684
1,0,1,1,1.11992928677056,0.707622752864959,3.13554388913041,1.31978460806343
1,0,1,1,1.04935823609413,0.814350348285934,3.32271053435637,1.17961455205405
1,0,1,1,1.12936179346067,0.758215798866958,2.94984782352204,1.19550225457917
1,0,1,1,1.04341030619441,0.700541515228472,2.9318179066502,1.1838396755416
1,0,1,1,1.22624031120181,0.815530581784524,2.95037270014844,1.32069019628039
1,0,1,1,1.04816119903523,0.694247882406548,2.88989572967092,1.21722204999757
1,0,1,1,1.09708506629614,0.713115148967921,3.09166629434663,1.19622048637378
1,0,1,1,1.20301834764356,0.772309261472548,3.37050306124342,1.38786586003109
1,0,1,1,1.14857636086457,0.732372775385543,3.16820043684106,1.24359254016342
1,0,1,0,1.22441956643523,0.7754923985905,2.94632803640262,1.23635251562936
1,0,1,1,1.13495754049835,0.682154145288243,3.07873383551868,1.30972891576877
1,0,1,1,1.05729752667528,0.735144053330055,3.34612107380775,1.34722335099696
1,0,1,1,1.1249911326735,0.699669896821404,3.47332325021174,1.29563310870729
1,0,1,0,1.11272808504253,0.764867221593952,3.02070308502929,1.32015697200363
1,0,1,1,1.10305682201318,0.681478476555064,2.86747984237714,1.41268055717801
1,0,1,1,1.08402228870266,0.665278324802021,2.79919041773666,1.15176634944522
1,0,1,0,1.10149496734977,0.793057603516855,3.03150091224803,1.20726105274238
1,0,1,0,1.16915684334043,0.793736975851285,3.02760798510139,1.2046490901317
1,0,1,1,1.16862525498198,0.725029945654758,2.7461158715086,1.41848121341694
1,0,1,1,1.10677884845767,0.72963849617339,3.34290960725233,1.3066252012192
1,0,1,1,1.03578565902706,0.714513422247609,3.28717458487698,1.41270146737014
1,0,1,1,1.20267419540131,0.744750139839634,3.30876644933463,1.26885853341312
1,0,1,1,1.1670256793031,0.730594402207158,3.02267317153618,1.28265994790769
1,0,1,1,1.09843755286992,0.70317563875526,3.15883861570774,1.28240356250523
1,0,1,1,1.11942926047728,0.792418719955469,3.48095143960237,1.43406675555176
1,0,1,1,1.03092254268733,0.686073139684442,3.16429735318005,1.16483422185337
1,0,1,1,1.25812451399168,0.73938101029009,3.1453506927205,1.35005595108557
1,0,1,1,1.1541359346527,0.724451732103458,3.10153562515605,1.34867659136324
1,0,1,1,1.14722093131472,0.712711444525638,2.83947207564452,1.27565718485888
1,0,1,1,1.17794970264787,0.726373292842732,3.16714373825787,1.41390025108534
1,0,1,1,1.16824746887472,0.76137270501131,3.43931235695712,1.25548955669394
1,0,1,1,1.10899835461059,0.701825946502103,2.54478924854395,1.27583949519441
1,0,1,1,1.14850429258306,0.72867172198403,3.24234958481004,1.24310203707464
1,0,1,1,1.19558872308405,0.730824736898486,3.47047635801107,1.32964929251503
1,0,1,1,1.11002526716694,0.676785277710475,2.83475085674368,1.12233525789457
1,0,1,0,1.07935488152395,0.644447846825869,2.96105773588201,1.24111416802865
1,0,1,1,1.02843566364127,0.713783398714432,3.17008843148956,1.20468070069395
1,0,1,1,0.991391241752523,0.722249356357158,2.89056575532235,1.22967323611604
1,0,1,1,1.10191632905164,0.716875940279637,2.96121081721793,1.20693861347224
1,0,1,1,1.13692885247892,0.74924166588687,3.31786530297126,1.23237229617993
1,0,1,1,1.15837469043509,0.728170256429539,3.12210326073894,1.31101444628858
1,0,1,1,1.14778101351029,0.725189015907366,3.21108043301304,1.31475642849912
1,0,1,1,1.03377446071166,0.720274421265554,2.9772742774228,1.33496927025494
1,0,1,1,1.00456297641834,0.689984217099305,2.45119979451847,1.20128017382604
1,0,1,1,1.16487277522881,0.770695789635989,3.19461794044516,1.2334562454916
1,0,1,1,1.10707510481265,0.682554637812218,3.3131590964887,1.47873129700448
1,0,1,1,1.06595977501905,0.673187678983084,3.16709242092543,1.27685547974548
1,0,1,1,1.15197170583487,0.707297246178366,3.41632239670712,1.40899065445524
1,0,1,1,1.17080959657845,0.741598636208845,3.29115867087917,1.32878874892208
1,0,1,1,1.19365092352128,0.857808435472446,3.14013942243498,1.1794986447891
1,0,1,1,1.09349375206891,0.758111113845061,3.42259380114308,1.14828456884053
1,0,1,0,1.15076286047896,0.695720061200385,3.13200431688125,1.28833381450056
1,0,1,1,1.10461200405108,0.700673982874788,2.99438283416156,1.17031919425429
1,0,1,1,1.20385337749093,0.693067711399886,3.39868763020013,1.30865956074232
1,0,1,1,0.988536639040659,0.705314319063768,2.89799078691161,1.15011804344486
1,0,1,0,1.1434045519871,0.758952016186613,3.24689569324693,1.34924261195636
1,0,1,1,1.13360567123755,0.686084263057264,3.20019195588017,1.21397973076215
1,0,1,1,1.09307199681723,0.69217922872862,3.13015762198407,1.33336166504404
1,0,1,0,1.05567190003687,0.656120402669726,2.74363482370522,1.29849272870521
1,0,1,1,1.19225636570696,0.741559870515147,3.09828883777863,1.34540732238493
1,0,1,1,1.06942293578719,0.671039782726004,2.82564813832608,1.35038471887718
1,0,1,1,1.06739988190834,0.733718567093101,2.92393170264892,1.19779469761099
1,0,1,1,1.074629035965,0.669278573466114,3.12337251188451,1.15446990732195
1,0,1,1,1.12851655658469,0.706276751662251,2.97007621443693,1.20944666021897
1,0,1,1,1.07426646998445,0.735864853594838,3.19290648857384,1.19591629247581
1,0,1,1,1.09952796316056,0.702567485749217,2.8248879791433,1.35254654660808
1,0,1,1,1.12952718614336,0.751123807687392,3.24602608707052,1.43032548348365
1,0,1,1,1.07190485526516,0.659780186942612,3.0817305548399,1.23701524497708
1,0,1,1,1.17390007839484,0.829824399478302,2.9563297529256,1.33035834238058
1,0,1,1,1.14616828433698,0.730899635516798,2.70258723143703,1.32985192475626
1,0,1,0,1.10432277646988,0.714227052005622,2.73268821460424,1.27377375938446
1,0,1,1,1.00483355995796,0.656308187400582,3.39808517727123,1.24551760192057
1,0,1,1,1.11834122339852,0.734814570853096,2.9627560270028,1.19240338960597
1,0,1,1,1.12181083547271,0.670518887048507,2.70605927530241,1.34188665085303
1,0,1,1,1.15884647236391,0.717141829499521,3.39942845217208,1.34156538412276
1,0,1,1,1.14514986144619,0.696523605037101,3.13899709996557,1.30585950535351
1,0,1,1,1.03437925296698,0.685804376471092,3.14376154248036,1.20670808042397
1,0,1,1,1.09571948948083,0.765744108811688,3.30539847060604,1.21815140141439
1,0,1,1,1.03839273327704,0.718025851153723,3.1511645918185,1.2721792460341
1,0,1,1,1.04713890301974,0.67516225147819,2.78218923064704,1.2896110853523
1,0,1,1,1.02036602765377,0.684222548372016,3.09100412189958,1.27491915182279
1,0,1,1,1.14235040717503,0.748499020209335,3.26715073760329,1.29517089762635
1,0,1,1,1.30634059420077,0.795834827932641,3.56532664700986,1.4067020596075
1,0,1,1,1.05713362515242,0.664707459587786,2.69727128726679,1.15836114912802
1,0,1,1,1.12511250585419,0.75184033083475,3.44780215393299,1.23200309687802
0,0,1,1,1.13553563596234,0.76326582839579,3.74540799932798,1.24845261619594
1,0,1,1,1.11534134335716,0.730219986488117,3.30986606637032,1.20946964203701
1,0,1,1,1.0664204318756,0.662641457531008,2.95726726778542,1.20594222337453
1,0,1,1,1.11131447818608,0.705682185324743,3.24102726194965,1.23777071759092
1,0,1,0,1.14312594163336,0.75918570990467,3.11693806180074,1.26958404308513
1,0,1,1,1.22314752196647,0.760599206243204,2.85185080388904,1.20076816499201
1,0,1,1,1.16319294918155,0.655274996651565,2.71837412484694,1.25225442121951
1,0,1,1,1.10747049995936,0.744463865541298,2.86062796271163,1.300324886187
1,0,1,1,1.11961466511784,0.722693681017728,3.20803102484979,1.17259191924166
0,0,0,1,1.20367135102786,0.782334498339818,2.78832634301695,1.18616130465541
1,0,1,1,1.06757527890928,0.66265793086159,2.78201339194703,1.14734016997286
1,0,1,1,1.21770583483602,0.762809965546369,3.39965236248494,1.30687074661726
1,0,1,1,1.09105711862871,0.700578300824915,3.48492121113545,1.37240575449008
1,0,1,1,1.19210724682215,0.728523880790889,2.82687114817621,1.11925693974033
1,0,1,1,1.07496688670919,0.722328047252634,2.95184460815696,1.27430311346461
1,0,1,1,1.09854316779832,0.723841197347247,3.13152968178311,1.24951674941339
1,0,1,1,1.21266243639266,0.695311469282009,3.33348604365085,1.22862757029157
1,0,1,1,1.07034872691898,0.669612390276856,3.03321916804645,1.37022076831512
1,0,1,1,1.06399615811903,0.700586183928296,3.13869060673309,1.21743416739039
1,0,1,1,1.06236058063941,0.657071817525754,2.93132081388387,1.24392616325201
1,0,1,1,1.06343096936492,0.684610688378512,3.51611025027644,1.32112872646513
1,0,1,1,1.12634719467275,0.694240258821936,3.02718811368961,1.28345439761561
1,0,1,1,1.2048935593892,0.761599253317745,3.44993324543578,1.3293628437002
1,0,1,1,1.26018542211208,0.727358107385764,3.24661493537542,1.38444409419709
1,0,1,1,1.21580833468866,0.812894804890104,3.10506185322413,1.23947622059918
1,0,1,1,1.06837405500592,0.684020785682938,3.25867487726977,1.38201204412006
1,0,1,1,1.14357028373122,0.757607788660499,2.9377091413394,1.24962432004594
1,0,1,1,1.05478861829573,0.695669122970391,2.9189188612265,1.28097683575638
1,0,1,1,1.03612328394322,0.712467525143467,2.90415865487465,1.49656274692867
1,0,1,1,1.12057410715403,0.712378734458523,2.68444732022539,1.29420073309303
1,0,1,1,1.22149394677779,0.772742420335596,3.61073693511841,1.33222569078755
1,0,1,1,1.00084243735098,0.65571363083805,2.90819486453902,1.29815104833512
1,0,1,0,1.17948929840764,0.787671731699245,3.10338783335748,1.26737682310016
1,0,1,1,1.1446519511524,0.724581658387319,3.01014979953472,1.2400322394368
1,0,1,1,1.07058754424763,0.689324997499864,3.06491139937413,1.2046800554658
1,0,1,0,1.08241722637024,0.668427515381113,3.01784929961796,1.27819232570211
1,0,1,1,1.04286313844261,0.667030710609218,3.10617944036079,1.37443882086607
1,0,1,1,1.15260800977811,0.68291105755155,3.31586807045286,1.36224604149301
1,0,1,1,1.11135986498515,0.714557022906094,3.14554992726689,1.28642938890007
1,0,1,1,1.28515681706315,0.714910868403091,3.16952005218305,1.30980241390789
0,0,0,0,1.04763518310445,0.646572846080682,2.47717827660889,1.22017173538552
1,0,1,1,1.08404547245176,0.689478392071835,2.9659542465191,1.32296038613771
1,0,1,1,1.14601946511703,0.69025941438133,2.95028869970456,1.16448700950574
1,0,1,1,1.2326338670366,0.747904222091301,3.33633755218224,1.39078542403256
1,0,1,1,1.15939907251529,0.6880614772757,3.10077316274769,1.33421732124576
1,0,1,1,0.97790223710844,0.665679862074282,2.67720469365245,1.24967897958302
1,0,1,1,1.16878430884011,0.731431831002268,3.46092444065487,1.23947051664345
1,0,1,1,1.05920667206707,0.766582784738832,3.1159399432874,1.15752671748384
1,0,1,1,1.076181751525,0.665496905013109,3.00313951103416,1.24808041753705
1,0,1,1,1.20075188000518,0.71081359032798,3.48754991000462,1.28186274076334
1,0,1,1,1.15352269921504,0.727459903677294,3.44813845220536,1.38694160408637
1,0,1,1,1.26104029677194,0.720187909928217,3.06266650892794,1.22681303900708
1,0,1,1,1.08339721761789,0.708132387316332,3.22863867697243,1.27133661523481
1,0,1,1,1.04326919657107,0.751864546385288,3.08398777712643,1.31271664823273
1,0,1,1,1.17074012881319,0.739868098579807,2.9402339445239,1.29505881729749
1,0,1,1,1.11885172906685,0.677899426139256,2.90781218564712,1.3423275280542
1,0,1,1,1.08691741641072,0.716224408661783,2.58988917905296,1.31232257896767
1,0,1,1,1.18562025158986,0.733495654141664,3.01196977977385,1.19078913485861
1,0,1,1,1.1451767442747,0.777449629511607,2.78970792681223,1.18084819609973
1,0,1,1,1.24387249821366,0.708899207792148,3.05982339245744,1.28745009692271
1,0,1,1,1.11379543186135,0.724595669682579,2.86898959330649,1.40939583647648
1,0,1,1,1.15570939076778,0.775149536098126,3.34184249497678,1.22093996129572
1,0,1,1,1.09785216720911,0.809352183511444,3.31479138536054,1.15845255277283
1,0,1,1,1.13337271720694,0.723181115687282,3.51880200974356,1.20799557862626
1,0,1,1,1.15514427175253,0.758747868081547,3.13844618399909,1.2962829172685
1,0,1,1,1.14254292861992,0.757038060088695,3.18286696202616,1.25120090197071
1,0,1,1,1.0954655951219,0.666536924331579,2.73118306936377,1.27794792318897
1,0,1,1,1.13398274157769,0.695953398926152,2.73190809289682,1.28039600190302
1,0,1,1,1.1885425657009,0.793692174103221,3.19073261347831,1.51608631636916
1,0,1,1,1.1217339126331,0.707650571929019,2.77586423419995,1.15502836241707
1,0,1,1,1.06675190038695,0.676010313118315,2.69822595438923,1.30400829519232
1,0,1,1,1.08180103153433,0.798512073963354,2.96046924704709,1.12058863809222
1,0,1,1,1.25480661113102,0.845860910191298,3.33289456438283,1.31606340543314
1,0,1,1,1.12582944026242,0.742169035994982,3.00749979479099,1.34655868156704
1,0,1,1,1.15409839052007,0.726864896834927,2.98667180318311,1.2435277532335
1,0,1,1,1.07614795137177,0.704255210047002,2.92349918232024,1.20447144504407
1,0,1,1,1.04793636844892,0.788329222839075,3.50709154627239,1.27584095408499
1,0,1,1,1.00634675985699,0.721869558865592,2.92064379755413,1.19851816219565
1,0,1,1,1.14580218052284,0.715220910070324,3.21073111836855,1.26117942988676
1,0,1,1,1.10249137847386,0.733017014591958,3.05107227532719,1.32323985152261
1,0,1,1,1.13938919828808,0.712830806936434,2.76661884604621,1.28724734191552
1,0,1,1,1.13637533635792,0.667347356318039,3.16484720685374,1.46413980074171
1,0,1,1,1.03951897237072,0.699014031924116,3.1556303747373,1.26319029236809
0,0,0,0,1.07511026622928,0.711924845196225,2.50586618901027,1.28203210227195
1,0,1,1,1.06373223720934,0.708774062149165,2.78348440186677,1.28908491593166
1,0,1,1,1.22568030483854,0.774745791358708,3.21265740327708,1.24735840114024
1,0,1,1,1.12832292508561,0.694389775795376,2.86408923521713,1.4156686273483
1,0,1,1,1.27579718479086,0.780273134483672,3.33127163907754,1.20385369279888
1,0,1,0,1.12981235427584,0.748072661686242,3.30814516936188,1.20682927323293
1,0,1,1,1.16501051763509,0.742246917258572,3.28949893136376,1.19202873865304
1,0,1,1,1.09805648892109,0.694780960820679,3.23333787989794,1.16793095850409
1,0,1,1,1.03581696689641,0.783498784108661,3.01281665845578,1.19046562070989
1,0,1,1,1.10844014230224,0.788484975670543,3.73473723300053,1.37070981044692
1,0,1,1,1.13122673742444,0.799621490517174,3.40291255354828,1.32230079112518
1,0,1,1,1.13536483723878,0.652236474330155,3.03583559819068,1.22309259041329
1,0,1,1,1.1510608169543,0.746128340802749,3.10479655180138,1.12680401188516
0,0,1,1,1.17285593818173,0.730035851310235,3.77256113251666,1.27683009251021
1,0,1,1,1.1360672847105,0.725491029104117,3.23426892147005,1.21690686817564
1,0,1,1,1.22932803026049,0.713892056760717,3.25276621813095,1.35350173865509
1,0,1,1,1.1323011208063,0.648101647330449,3.02890605487227,1.18780761686665
1,0,1,1,1.15633482673828,0.756330733119697,3.34896171529818,1.32388597805715
1,0,1,1,1.13104915986949,0.741737053364067,3.08555628733093,1.25367652403774
1,0,1,1,1.09310880475802,0.699175441541365,3.36790968829567,1.23446709644928
1,0,1,1,1.10629086050379,0.723884392052818,2.71014653571542,1.33558803327065
1,0,1,1,1.17525986227203,0.781578639486585,3.41894582514302,1.42872114485311
1,0,1,1,1.03367878918127,0.701693930389609,2.51392903210125,1.29229225722317
1,0,1,1,1.10195692974264,0.729750622186057,2.84535718526911,1.34420111524128
1,0,1,1,1.01401365607696,0.713954517068454,3.21717902005918,1.25286296521623
1,0,1,1,1.23308749326772,0.697139899423013,3.12865758746897,1.56875070610634
1,0,1,1,1.14219125220348,0.717608190635796,3.06789387089481,1.38371116145813
1,0,1,1,1.0755863005999,0.718244468000146,3.13368385817176,1.2590131581709
1,0,1,1,1.15889947548954,0.721808011789602,3.27305702607603,1.32599945167568
1,0,1,1,1.3420573092583,0.802457695908202,3.36291963699935,1.39044851756901
1,0,1,1,1.12161845928507,0.764632767858455,3.17553045929557,1.26659190567037
1,0,1,1,1.18029672588389,0.71794136418705,3.01285554082301,1.24109425293469
1,0,1,1,1.11736480748921,0.801887062366511,3.01520578921533,1.2336566615684
1,0,1,1,1.13246623902212,0.710648320479886,3.36818526010179,1.31450640164272
1,0,1,1,1.05327377680344,0.68302734145728,2.91659452493917,1.21540295274095
1,0,1,1,1.10219009017288,0.737510604336774,2.92090552271148,1.17458742666963
1,0,1,1,1.18065297870782,0.756851348323829,3.32197163231646,1.34192518859697
1,0,1,1,1.10398285355772,0.655942483836783,2.78533534793676,1.25916274316248
0,0,1,1,1.08616517823366,0.705068157112258,3.55768979114579,1.27485997202977
1,0,1,1,1.13325941447247,0.700018640933349,3.05481969380531,1.2684449203728
1,0,1,1,1.09706735022661,0.724383259146254,3.01550536757813,1.39620778620748
1,0,1,1,1.01420374706074,0.671096751136377,3.18927713889719,1.36807356974668
1,0,1,1,1.1492374634787,0.800605636743116,2.96849825797181,1.22362319048769
1,0,1,1,1.10124073850441,0.805113334518424,3.09556893411643,1.2743250430351
1,0,1,1,1.06242232999991,0.743323600795442,2.93253166617957,1.24811865140282
1,0,1,1,1.19207771486679,0.692137758843124,2.98045633970404,1.46824402292053
1,0,1,1,1.28273553848711,0.803304830794555,3.20428817754882,1.31819967866802
1,0,1,1,1.06767711972468,0.67770857533981,3.32434034360986,1.32051793643168
1,0,1,1,1.17177193386797,0.6673567493981,3.12288358835315,1.35570236637886
1,0,1,1,1.22678864429604,0.694243117404486,2.96829274589963,1.18065179738974
1,0,1,1,1.05405333312739,0.732753870187682,3.0501449371638,1.25770016499436
0,0,0,1,1.02469265969089,0.619720706607809,2.48506045895584,1.25459947306369
1,0,1,1,1.11101879618632,0.679984394948472,3.00456928455243,1.24035630396155
1,0,1,1,1.1550021137213,0.730168138995671,2.80500055428329,1.31872574540512
1,0,1,1,1.08424447961831,0.701786718194896,2.86081632155482,1.24082541400076
1,0,1,1,1.13295286175689,0.797792952001156,3.49668922165696,1.30798201583922
1,0,1,0,1.11166942393206,0.743592282535895,2.99271428421147,1.27952938005666
1,0,1,1,1.10316795741083,0.71345701731767,2.81275512092888,1.32933223283221
1,0,1,1,1.04813956565949,0.720363445067712,3.29447684820341,1.3280602507217
1,0,1,1,1.12651920033769,0.742825470000216,3.45835358148391,1.20049194877346
1,0,1,1,1.13436393115058,0.749966149476797,3.32234333295336,1.18022131704069
1,0,1,1,1.07842745987987,0.696779094562563,3.12443008836852,1.22921278959476
1,0,1,1,1.09353678404519,0.681606038164641,2.92919921244,1.34781852267125
1,0,1,1,1.10805986820978,0.732878579546679,2.78819804346709,1.16120301591924
1,0,1,1,1.07762508396855,0.756736220915832,3.10406381247689,1.29341095319346
1,0,1,1,1.26702178653075,0.778918409671049,3.09938262210308,1.20608585984279
0,0,1,1,1.14655280863114,0.754027160361358,3.47565210550384,1.36201737367108
0,0,1,1,1.08473198080319,0.717437826113727,3.38870455164988,1.29440940326367
1,0,1,1,1.16100960333447,0.762986827098316,3.12270212451065,1.4168364890872
1,0,1,1,1.08514829321004,0.697963137669484,2.95001671408889,1.51832639549529
1,0,1,1,1.11514722233957,0.752730292602834,3.34256542755635,1.23841151613665
1,0,1,1,1.06388727631044,0.669389669569788,2.80051997443193,1.23828502276337
0,0,0,1,1.00063772056402,0.651037040329912,2.76243039368609,1.24689174074501
1,0,1,0,1.18657715108731,0.743995481086549,3.35093034353174,1.30906945469926
1,0,1,1,1.10230658174257,0.747680845096266,3.51374282169326,1.2925284127662
1,0,1,1,1.11328267952911,0.843415687457927,2.85241017143773,1.32483703779909
1,0,1,1,1.14067845868301,0.718697775734874,3.14122809938619,1.34450126855396
1,0,1,1,1.16393064617286,0.693090309729498,3.04441627025631,1.25071052076473
1,0,1,1,1.02071367548247,0.647588703984254,3.08590319454237,1.11652911463756
1,0,1,1,1.16708276523518,0.777931992413234,3.45887980897553,1.22485284195331
1,0,1,1,1.07314009289314,0.66726225303969,3.00766652470266,1.24087454975748
1,0,1,1,1.01715401180491,0.642942433098944,3.11831946320798,1.35246803947782
1,0,1,1,1.17665467950227,0.706379065069024,2.67545858293146,1.39133179709641
1,0,1,1,1.13494034613811,0.722594859862489,3.13827216631493,1.40453952788664
1,0,1,1,1.19049288129062,0.737401315458763,3.11083059244967,1.35851139989058
1,0,1,1,1.16256669691206,0.726428543119263,3.25066712489783,1.21199686095258
1,0,1,1,1.11185991026666,0.715094729154769,2.78857794832282,1.20131290487527
1,0,1,1,1.18178726410546,0.653990675640083,3.11974881674457,1.35358200555783
1,0,1,1,1.14681549005194,0.748474847519398,3.1747667167113,1.29273284493267
1,0,1,1,1.0118421902251,0.680864456226957,3.05456421657146,1.14450529608199
1,0,1,1,1.12213970846319,0.685417519264691,3.22739966243197,1.18183457301425
1,0,1,1,1.06019078244176,0.655520896563508,2.99839845565501,1.21654387378303
1,0,1,1,1.06623163456675,0.69576948221028,3.04184392400259,1.30039972688236
0,0,0,1,1.0979086830692,0.768020422858242,2.77925916089817,1.25280604404276
1,0,1,1,1.13739542570115,0.692753849380783,3.15385263776378,1.27860927954883
1,0,1,1,1.12106832304387,0.768207695803079,3.26382259577459,1.32671924455783
1,0,1,1,1.1426785092172,0.690059999114915,3.2590100356016,1.26605230760401
1,0,1,1,1.14102860792436,0.726232056526184,2.92684340369732,1.36220581427425
1,0,1,1,1.13812193634805,0.721176889123372,3.20958335032022,1.17016825107688
1,0,1,0,1.19099195320889,0.761869642320306,2.80225026295735,1.26341745176654
1,0,1,1,1.19445890554824,0.706028756059593,3.06834423600548,1.35082048505435
1,0,1,1,1.18164543380794,0.769121140647349,3.02129165155341,1.37280018852714
0,0,0,1,1.12428140545232,0.740534966072603,2.8169507815279,1.24454848230818
1,0,1,1,1.22158078235027,0.737141437039192,3.2443658157236,1.42957523944837
1,0,1,1,1.20097729513447,0.721998790388017,2.72119008766945,1.33524881175504
1,0,1,1,1.22486663018882,0.741297499582384,3.17795183758268,1.19264628915811
1,0,1,1,1.08639735344896,0.640620635803781,3.00131500723525,1.36006243564716
1,0,1,1,1.03553776750095,0.663067060082137,2.85395020957131,1.21502418711299
